pair_key,pair_label,task,method,method_label,nominal_budget,seed_count,test_metric,test_metric_std,actual_test_call_fraction,actual_test_call_fraction_std,flops_gflops_per_input,latency_ms_per_input
grefcoco|instancevg|MiniCPM,gRefCOCO / InstanceVG + MiniCPM,grefcoco,both,两项同时改,0.0,3,0.6695119530385957,0.0,0.0,0.0,7.503634432,16.318855201956467
grefcoco|instancevg|MiniCPM,gRefCOCO / InstanceVG + MiniCPM,grefcoco,both,两项同时改,0.01,3,0.6743328701471798,0.0002504540415259137,0.021268751949635595,0.0024468276041848553,222.01478381055546,47.10392897831558
grefcoco|instancevg|MiniCPM,gRefCOCO / InstanceVG + MiniCPM,grefcoco,both,两项同时改,0.02,3,0.6771403454045317,0.0005474456601563245,0.041365359347380164,0.003542736992048041,424.70398540113723,76.19240313322202
grefcoco|instancevg|MiniCPM,gRefCOCO / InstanceVG + MiniCPM,grefcoco,both,两项同时改,0.03,3,0.679257767820851,0.0002151415870599417,0.06490277817164355,0.00620057607312886,662.0963240467386,110.26121811239277
grefcoco|instancevg|MiniCPM,gRefCOCO / InstanceVG + MiniCPM,grefcoco,both,两项同时改,0.04,3,0.6804582707086748,0.00033393872203453485,0.09923527020767754,0.005261539209768673,1008.3649882880334,159.95516831494223
grefcoco|instancevg|MiniCPM,gRefCOCO / InstanceVG + MiniCPM,grefcoco,both,两项同时改,0.05,3,0.6805811568310505,0.0004271568320976906,0.11976670542305912,0.0032185843726325893,1215.4397511547988,189.67302620038757
grefcoco|instancevg|MiniCPM,gRefCOCO / InstanceVG + MiniCPM,grefcoco,both,两项同时改,0.06,3,0.6805811568310505,0.00040657938287739023,0.13569463743867508,0.004358151286070409,1376.0847674671834,212.72762589512757
grefcoco|instancevg|MiniCPM,gRefCOCO / InstanceVG + MiniCPM,grefcoco,both,两项同时改,0.07,3,0.6804866290446077,0.00044175940581907595,0.14781309966064524,0.003803002168080138,1498.3084534686539,230.26827682014644
grefcoco|instancevg|MiniCPM,gRefCOCO / InstanceVG + MiniCPM,grefcoco,both,两项同时改,0.08,3,0.6805433457164733,0.0005109749312968245,0.15775742279443042,0.0039413666334665,1598.604333089205,244.6620090924708
grefcoco|instancevg|MiniCPM,gRefCOCO / InstanceVG + MiniCPM,grefcoco,both,两项同时改,0.09,3,0.6805338929378291,0.0005230727327891268,0.16548034294680922,0.0037416051429164958,1676.495714885774,255.8404114370421
grefcoco|instancevg|MiniCPM,gRefCOCO / InstanceVG + MiniCPM,grefcoco,both,两项同时改,0.1,3,0.6804866290446077,0.0005385595679416328,0.172031118547297,0.0033259813564282133,1742.5651488943693,265.32221416016074
grefcoco|instancevg|MiniCPM,gRefCOCO / InstanceVG + MiniCPM,grefcoco,both,两项同时改,0.11,3,0.6804488179300305,0.000551024837810731,0.17804308576506064,0.003015095594116757,1803.200300452041,274.02412834761157
grefcoco|instancevg|MiniCPM,gRefCOCO / InstanceVG + MiniCPM,grefcoco,both,两项同时改,0.12,3,0.6804488179300305,0.0005748346537167685,0.18348788626416734,0.0026700376856177714,1858.115154692951,281.9051072343595
grefcoco|instancevg|MiniCPM,gRefCOCO / InstanceVG + MiniCPM,grefcoco,both,两项同时改,0.13,3,0.6804204595940977,0.0005158480995053015,0.1884222367164828,0.00207569760609485,1907.881741348776,289.0472443504748
grefcoco|instancevg|MiniCPM,gRefCOCO / InstanceVG + MiniCPM,grefcoco,both,两项同时改,0.14,3,0.6803542901435877,0.0006083654410081598,0.1931864371532012,0.0011580329018036773,1955.9322388095723,295.9431008763792
grefcoco|instancevg|MiniCPM,gRefCOCO / InstanceVG + MiniCPM,grefcoco,both,两项同时改,0.15,3,0.680363742922232,0.0005766969738883526,0.19768595978787964,0.0009296460579564395,2001.3132641892132,302.45585426195566
grefcoco|instancevg|MiniCPM,gRefCOCO / InstanceVG + MiniCPM,grefcoco,both,两项同时改,0.16,3,0.680297573471722,0.0005291867775393541,0.2019208046205182,0.001092522041836435,2044.024817487699,308.58550450720406
grefcoco|instancevg|MiniCPM,gRefCOCO / InstanceVG + MiniCPM,grefcoco,both,两项同时改,0.17,3,0.680193592906635,0.0004758420232217985,0.20723326621860494,0.002194470247856415,2097.6049356880317,316.27493182378794
grefcoco|instancevg|MiniCPM,gRefCOCO / InstanceVG + MiniCPM,grefcoco,both,两项同时改,0.18,3,0.6801179706774807,0.0004435761074081306,0.21170443051735055,0.0030486933096992973,2142.6999462018343,322.7466384443292
grefcoco|instancevg|MiniCPM,gRefCOCO / InstanceVG + MiniCPM,grefcoco,both,两项同时改,0.19,3,0.6800234428910379,0.0004383073143472105,0.2164969892900018,0.00403774197749049,2191.036458528469,329.6835417352688
grefcoco|instancevg|MiniCPM,gRefCOCO / InstanceVG + MiniCPM,grefcoco,both,两项同时改,0.2,3,0.6798816512113736,0.00040260404085582066,0.221355717513163,0.004883419260253461,2240.0403388753925,336.7162208112904
grefcoco|instancevg|MiniCPM,gRefCOCO / InstanceVG + MiniCPM,grefcoco,both,两项同时改,0.21,3,0.6797776706462865,0.00045609044727959696,0.22576071236139864,0.006488174074638593,2284.4679813689067,343.0921516467497
grefcoco|instancevg|MiniCPM,gRefCOCO / InstanceVG + MiniCPM,grefcoco,both,两项同时改,0.22,3,0.6795697095161123,0.00042965972558070103,0.23054381835540558,0.007590304608337386,2332.7091554069284,350.01537268267754
grefcoco|instancevg|MiniCPM,gRefCOCO / InstanceVG + MiniCPM,grefcoco,both,两项同时改,0.23,3,0.679560256737468,0.00035369059039917175,0.2358090160602709,0.008359420906117757,2385.8125821641975,357.6363887242029
grefcoco|instancevg|MiniCPM,gRefCOCO / InstanceVG + MiniCPM,grefcoco,both,两项同时改,0.24,3,0.6795035400656023,0.0003945332077003918,0.24052595260376786,0.009161288573368712,2433.38638818193,364.4638339750487
grefcoco|instancevg|MiniCPM,gRefCOCO / InstanceVG + MiniCPM,grefcoco,both,两项同时改,0.25,3,0.6794184650578038,0.00038210745789084077,0.24530905859777485,0.009454413833556307,2481.627562219953,371.38705501097667
grefcoco|instancevg|MiniCPM,gRefCOCO / InstanceVG + MiniCPM,grefcoco,both,两项同时改,0.26,3,0.6792199567062739,0.0004769673902406576,0.249666789552789,0.01028280716757621,2525.5785132704027,377.6945745713773
grefcoco|instancevg|MiniCPM,gRefCOCO / InstanceVG + MiniCPM,grefcoco,both,两项同时改,0.27,3,0.6791065233625425,0.00046328260045348395,0.25479964835663443,0.011050682323431758,2577.3472039870944,385.1240390427387
grefcoco|instancevg|MiniCPM,gRefCOCO / InstanceVG + MiniCPM,grefcoco,both,两项同时改,0.28,3,0.6788229400032141,0.00046328260045348395,0.2601215627333655,0.011400435106655959,2631.02266047604,392.82714861433436
grefcoco|instancevg|MiniCPM,gRefCOCO / InstanceVG + MiniCPM,grefcoco,both,两项同时改,0.29,3,0.678321942735067,0.0005327208992846384,0.2659255688209549,0.012015377815299292,2689.5603696842322,401.2280531915274
grefcoco|instancevg|MiniCPM,gRefCOCO / InstanceVG + MiniCPM,grefcoco,both,两项同时改,0.3,3,0.6781423399408256,0.00058865846078289,0.27142708599192733,0.012355349420345482,2745.0472536568186,409.19112560834566
grefcoco|instancevg|MiniCPM,gRefCOCO / InstanceVG + MiniCPM,grefcoco,both,两项同时改,0.31,3,0.677924926032007,0.000523072732789084,0.27730671430867104,0.012028979317988072,2804.3476691739124,417.7014882256325
grefcoco|instancevg|MiniCPM,gRefCOCO / InstanceVG + MiniCPM,grefcoco,both,两项同时改,0.32,3,0.6774711926570816,0.0006136302400861127,0.28365898155762886,0.01241046520670959,2868.414999121641,426.89596359350503
grefcoco|instancevg|MiniCPM,gRefCOCO / InstanceVG + MiniCPM,grefcoco,both,两项同时改,0.33,3,0.6768662148238475,0.0005813266733411556,0.29009632381438527,0.013141762694036838,2933.3403736668843,436.2135792564831
grefcoco|instancevg|MiniCPM,gRefCOCO / InstanceVG + MiniCPM,grefcoco,both,两项同时改,0.34,3,0.6765637259072305,0.00058865846078289,0.2966849105294502,0.013581856831012882,2999.79116082993,445.7501109996486
grefcoco|instancevg|MiniCPM,gRefCOCO / InstanceVG + MiniCPM,grefcoco,both,两项同时改,0.35,3,0.6760721814177278,0.0007381645730786406,0.30406753065063474,0.014055293304190442,3074.2503642364413,456.43595216379805
grefcoco|instancevg|MiniCPM,gRefCOCO / InstanceVG + MiniCPM,grefcoco,both,两项同时改,0.36,3,0.6758642202875534,0.0010195863623812392,0.3104859673501026,0.014256325875966572,3138.985062204459,465.72620331675273
grefcoco|instancevg|MiniCPM,gRefCOCO / InstanceVG + MiniCPM,grefcoco,both,两项同时改,0.37,3,0.6754010341339837,0.0010440935274166046,0.31819943472383705,0.014529772546897555,3216.781105712415,476.8909234063122
grefcoco|instancevg|MiniCPM,gRefCOCO / InstanceVG + MiniCPM,grefcoco,both,两项同时改,0.38,3,0.6746920757356625,0.0011032652166457105,0.32562931873824313,0.014599179327613425,3291.7170005619905,487.6451758455204
grefcoco|instancevg|MiniCPM,gRefCOCO / InstanceVG + MiniCPM,grefcoco,both,两项同时改,0.39,3,0.6740776451237842,0.0013327412235750052,0.33336169166926616,0.014639885449032641,3369.703720647172,498.8372604451033
grefcoco|instancevg|MiniCPM,gRefCOCO / InstanceVG + MiniCPM,grefcoco,both,两项同时改,0.4,3,0.6736428173061472,0.001351780397401897,0.3405458034389209,0.014481317516906796,3442.1608199928173,509.2357742540069
grefcoco|instancevg|MiniCPM,gRefCOCO / InstanceVG + MiniCPM,grefcoco,both,两项同时改,0.41,3,0.6731134617020674,0.0013643474125036833,0.348580665286561,0.014614442124489846,3523.1983653136053,520.8656910139648
grefcoco|instancevg|MiniCPM,gRefCOCO / InstanceVG + MiniCPM,grefcoco,both,两项同时改,0.42,3,0.6722532588454376,0.001422509710237129,0.35671005492064395,0.014547989099783849,3605.1892935205196,532.6324303240399
grefcoco|instancevg|MiniCPM,gRefCOCO / InstanceVG + MiniCPM,grefcoco,both,两项同时改,0.43,3,0.6714592254393178,0.001458242388452423,0.3657374585259337,0.013594877008401294,3696.23735914564,545.6989838602278
grefcoco|instancevg|MiniCPM,gRefCOCO / InstanceVG + MiniCPM,grefcoco,both,两项同时改,0.44,3,0.6707408142623524,0.0014262736338482374,0.3746608815661363,0.012079460205687865,3786.2367035960197,558.6150325912869
grefcoco|instancevg|MiniCPM,gRefCOCO / InstanceVG + MiniCPM,grefcoco,both,两项同时改,0.45,3,0.6699373280775883,0.0014342703248619284,0.3841420185463517,0.0118463419778686,3881.86100707455,572.3383343680373
grefcoco|instancevg|MiniCPM,gRefCOCO / InstanceVG + MiniCPM,grefcoco,both,两项同时改,0.46,3,0.6692472752365558,0.0014790502695860163,0.39315996937299724,0.01098682111367372,3972.813734411058,585.3912056492136
grefcoco|instancevg|MiniCPM,gRefCOCO / InstanceVG + MiniCPM,grefcoco,both,两项同时改,0.47,3,0.6682358279216176,0.0015388589437112046,0.4021401090850656,0.010223755863623863,4063.385108593114,598.389347910343
grefcoco|instancevg|MiniCPM,gRefCOCO / InstanceVG + MiniCPM,grefcoco,both,两项同时改,0.48,3,0.6672338333853235,0.001474694061998076,0.41078940154458404,0.010181612407033868,4150.619642673726,610.9086112460623
grefcoco|instancevg|MiniCPM,gRefCOCO / InstanceVG + MiniCPM,grefcoco,both,两项同时改,0.49,3,0.665976613825634,0.0015931788394659891,0.42075263023565773,0.009642362446211063,4251.106198871502,625.32970802841
grefcoco|instancevg|MiniCPM,gRefCOCO / InstanceVG + MiniCPM,grefcoco,both,两项同时改,0.5,3,0.664568149807636,0.0016062493473305785,0.4310372534006371,0.0088737075287505,4354.834256882111,640.2160014811561
grefcoco|instancevg|MiniCPM,gRefCOCO / InstanceVG + MiniCPM,grefcoco,both,两项同时改,0.51,3,0.6633676469198121,0.0020042120030806976,0.44035769314389966,0.009190035929571216,4448.837809454225,653.7067049227073
grefcoco|instancevg|MiniCPM,gRefCOCO / InstanceVG + MiniCPM,grefcoco,both,两项同时改,0.52,3,0.6618646551153712,0.0020936997808162646,0.45062341075159046,0.009219595028175877,4552.3751908876075,668.56563386543
grefcoco|instancevg|MiniCPM,gRefCOCO / InstanceVG + MiniCPM,grefcoco,both,两项同时改,0.53,3,0.6604845494333059,0.002308994774316215,0.46022743385418147,0.0075127649438487005,4649.238892118102,682.4668049573326
grefcoco|instancevg|MiniCPM,gRefCOCO / InstanceVG + MiniCPM,grefcoco,both,两项同时改,0.54,3,0.6591611604231064,0.0022260842136846678,0.470351359782208,0.006670581494901897,4751.346199222294,697.1205000748795
grefcoco|instancevg|MiniCPM,gRefCOCO / InstanceVG + MiniCPM,grefcoco,both,两项同时改,0.55,3,0.6576014519467998,0.0024106253622611174,0.4805320023821002,0.006491808860058663,4854.025536058162,711.8562887224967
grefcoco|instancevg|MiniCPM,gRefCOCO / InstanceVG + MiniCPM,grefcoco,both,两项同时改,0.56,3,0.656334779608466,0.0024757258577969956,0.4908355311043681,0.005158636890377099,4957.944270645996,726.7699466852663
grefcoco|instancevg|MiniCPM,gRefCOCO / InstanceVG + MiniCPM,grefcoco,both,两项同时改,0.57,3,0.6546143738952065,0.0023265744453588003,0.5011485126052804,0.005109749312968089,5061.958343522443,741.6972869030476
grefcoco|instancevg|MiniCPM,gRefCOCO / InstanceVG + MiniCPM,grefcoco,both,两项同时改,0.58,3,0.6530074015256785,0.002758786605113626,0.5124067719706208,0.005671525393117397,5175.506245260158,757.9928526220003
grefcoco|instancevg|MiniCPM,gRefCOCO / InstanceVG + MiniCPM,grefcoco,both,两项同时改,0.59,3,0.6513342597056405,0.0026360544008023792,0.5232112979610356,0.00454624605624975,5284.477909144463,773.6316701003906
grefcoco|instancevg|MiniCPM,gRefCOCO / InstanceVG + MiniCPM,grefcoco,both,两项同时改,0.6,3,0.6497650984506896,0.00287911216792696,0.5344128406545104,0.004390019397162448,5397.453781150503,789.8451422892732
grefcoco|instancevg|MiniCPM,gRefCOCO / InstanceVG + MiniCPM,grefcoco,both,两项同时改,0.61,3,0.6485835011201543,0.002901156172953934,0.5444611443533827,0.005016692132993845,5498.798381945794,804.3893793667263
grefcoco|instancevg|MiniCPM,gRefCOCO / InstanceVG + MiniCPM,grefcoco,both,两项同时改,0.62,3,0.6468252842923177,0.003072138516620979,0.5550482564349791,0.004845948325466897,5605.577265192009,819.7135049798475
grefcoco|instancevg|MiniCPM,gRefCOCO / InstanceVG + MiniCPM,grefcoco,both,两项同时改,0.63,3,0.6448023896624413,0.00259188916077078,0.5661269130060781,0.004568030217447332,5717.313739446082,835.7491078535775
grefcoco|instancevg|MiniCPM,gRefCOCO / InstanceVG + MiniCPM,grefcoco,both,两项同时改,0.64,3,0.6427794950325648,0.0027303971085773995,0.5773095501422643,0.003800463761860775,5830.098934874895,851.9352155324365
grefcoco|instancevg|MiniCPM,gRefCOCO / InstanceVG + MiniCPM,grefcoco,both,两项同时改,0.65,3,0.6406715253948898,0.0028274081038884478,0.5881046233540349,0.00425603944707499,5938.975260470589,867.5603507558153
grefcoco|instancevg|MiniCPM,gRefCOCO / InstanceVG + MiniCPM,grefcoco,both,两项同时改,0.66,3,0.6382894251765306,0.002835928119495768,0.5990414882454699,0.004466415402750962,6049.281660395474,883.3907198043698
grefcoco|instancevg|MiniCPM,gRefCOCO / InstanceVG + MiniCPM,grefcoco,both,两项同时改,0.67,3,0.6364650388981841,0.0026804586879219344,0.6101295975952131,0.005978746116874079,6161.11347293816,899.4400049331116
grefcoco|instancevg|MiniCPM,gRefCOCO / InstanceVG + MiniCPM,grefcoco,both,两项同时改,0.68,3,0.6344421442683077,0.0025285431940637567,0.6208868596924065,0.006286872452124139,6269.608445379403,915.0104111364434
grefcoco|instancevg|MiniCPM,gRefCOCO / InstanceVG + MiniCPM,grefcoco,both,两项同时改,0.69,3,0.6319938745994385,0.0026412355899017264,0.6330242274716653,0.0058356803797160505,6392.022807958099,932.5784265714857
grefcoco|instancevg|MiniCPM,gRefCOCO / InstanceVG + MiniCPM,grefcoco,both,两项同时改,0.7,3,0.6292242104566638,0.0025190901336351124,0.6451426896936354,0.0062416404627669364,6514.246493959568,950.1190774965045
grefcoco|instancevg|MiniCPM,gRefCOCO / InstanceVG + MiniCPM,grefcoco,both,两项同时改,0.71,3,0.6266341491081304,0.002463859092390738,0.6572706046942499,0.006014701362190216,6636.565518249652,967.6734106765351
grefcoco|instancevg|MiniCPM,gRefCOCO / InstanceVG + MiniCPM,grefcoco,both,两项同时改,0.72,3,0.6240629933168855,0.001985668601086228,0.668954239098583,0.006375364870457525,6754.403642974938,984.584677871015
grefcoco|instancevg|MiniCPM,gRefCOCO / InstanceVG + MiniCPM,grefcoco,both,两项同时改,0.73,3,0.621132631937158,0.0018631807980439294,0.6817911124975188,0.005965280050983444,6883.873038910974,1003.1651801769244
grefcoco|instancevg|MiniCPM,gRefCOCO / InstanceVG + MiniCPM,grefcoco,both,两项同时改,0.74,3,0.6183157039011618,0.0016373238631933423,0.6936732552533816,0.005451049532285977,7003.713267697125,1020.36377472665
grefcoco|instancevg|MiniCPM,gRefCOCO / InstanceVG + MiniCPM,grefcoco,both,两项同时改,0.75,3,0.6150355897115957,0.0013848240058531283,0.7057350008034863,0.006014701362190238,7125.364923966921,1037.8223321215987
grefcoco|instancevg|MiniCPM,gRefCOCO / InstanceVG + MiniCPM,grefcoco,both,两项同时改,0.76,3,0.6122564727901766,0.001265896126137565,0.7173997296505309,0.005155570083727779,7243.012372114983,1054.7062348060554
grefcoco|instancevg|MiniCPM,gRefCOCO / InstanceVG + MiniCPM,grefcoco,both,两项同时改,0.77,3,0.608418644660598,0.0011947205342415093,0.7293953057501253,0.005822343836658303,7363.996660364488,1072.0690164159219
grefcoco|instancevg|MiniCPM,gRefCOCO / InstanceVG + MiniCPM,grefcoco,both,两项同时改,0.78,3,0.6055166416168033,0.001000030714379607,0.7408615262456398,0.0056449474110625755,7479.642004451681,1088.6655917451321
grefcoco|instancevg|MiniCPM,gRefCOCO / InstanceVG + MiniCPM,grefcoco,both,两项同时改,0.79,3,0.6020663774116403,0.000768063714214944,0.7519212772594503,0.005908659652184152,7591.187802128529,1104.673830108839
grefcoco|instancevg|MiniCPM,gRefCOCO / InstanceVG + MiniCPM,grefcoco,both,两项同时改,0.8,3,0.5983703409617257,0.0007836119738748615,0.7647770562156747,0.005375149505067936,7720.847874641791,1123.2816969247717
grefcoco|instancevg|MiniCPM,gRefCOCO / InstanceVG + MiniCPM,grefcoco,both,两项同时改,0.81,3,0.5947215684050327,0.000990333653117727,0.7770278573386648,0.005883714995308605,7844.406296683838,1141.0138994199547
grefcoco|instancevg|MiniCPM,gRefCOCO / InstanceVG + MiniCPM,grefcoco,both,两项同时改,0.82,3,0.5916021514524195,0.0006166806163325103,0.7887682084148636,0.004924906745427358,7962.816451140801,1158.007260144505
grefcoco|instancevg|MiniCPM,gRefCOCO / InstanceVG + MiniCPM,grefcoco,both,两项同时改,0.83,3,0.5881046233540349,0.0005558683956928728,0.800527465048351,0.004752764604088509,8081.41728217499,1175.0279853790785
grefcoco|instancevg|MiniCPM,gRefCOCO / InstanceVG + MiniCPM,grefcoco,both,两项同时改,0.84,3,0.5840493813156378,0.0002497394778970151,0.81213547722353,0.00399710608049565,8198.492700591376,1191.8297945334648
grefcoco|instancevg|MiniCPM,gRefCOCO / InstanceVG + MiniCPM,grefcoco,both,两项同时改,0.85,3,0.5802871754152134,0.0006021650004682148,0.8231952282373403,0.00311901589985948,8310.03849826822,1207.8380328971712
grefcoco|instancevg|MiniCPM,gRefCOCO / InstanceVG + MiniCPM,grefcoco,both,两项同时改,0.86,3,0.5761468583690176,0.0010293550775858228,0.8354554821389747,0.002533521028340118,8433.692258598883,1225.5839176473658
grefcoco|instancevg|MiniCPM,gRefCOCO / InstanceVG + MiniCPM,grefcoco,both,两项同时改,0.87,3,0.572479180255036,0.0008323814371154528,0.8468555331839794,0.0031484423058575906,8548.67023466579,1242.0847171914945
grefcoco|instancevg|MiniCPM,gRefCOCO / InstanceVG + MiniCPM,grefcoco,both,两项同时改,0.88,3,0.5682348826437532,0.0011296762607777792,0.8575655313879516,0.0023733440561952085,8656.68851566397,1257.5867121197678
grefcoco|instancevg|MiniCPM,gRefCOCO / InstanceVG + MiniCPM,grefcoco,both,两项同时改,0.89,3,0.5638582461314504,0.0014653941241585177,0.8685591129512521,0.002135742322974502,8767.566945320528,1273.4991746983926
grefcoco|instancevg|MiniCPM,gRefCOCO / InstanceVG + MiniCPM,grefcoco,both,两项同时改,0.9,3,0.5592736484889733,0.0015491601715829182,0.8805546890508466,0.0021221435423951097,8888.551233570033,1290.861956308259
grefcoco|instancevg|MiniCPM,gRefCOCO / InstanceVG + MiniCPM,grefcoco,both,两项同时改,0.91,3,0.5544621841590335,0.0012354604492409806,0.8920020039890725,0.0015331579383471344,9004.005901080001,1307.4311671274459
grefcoco|instancevg|MiniCPM,gRefCOCO / InstanceVG + MiniCPM,grefcoco,both,两项同时改,0.92,3,0.5496696253863823,0.0007570489578377954,0.9039975800886669,0.0013462164011598249,9124.990189329506,1324.7939487373123
grefcoco|instancevg|MiniCPM,gRefCOCO / InstanceVG + MiniCPM,grefcoco,both,两项同时改,0.93,3,0.5436103942753973,0.0001675036643381324,0.917515053549991,0.0021790243850193644,9261.323942045656,1344.3595734040653
grefcoco|instancevg|MiniCPM,gRefCOCO / InstanceVG + MiniCPM,grefcoco,both,两项同时改,0.94,3,0.5380427076539148,9.261793731991073e-05,0.929728043558404,0.0024346364982378798,9384.501010933254,1362.0370468792012
grefcoco|instancevg|MiniCPM,gRefCOCO / InstanceVG + MiniCPM,grefcoco,both,两项同时改,0.95,3,0.5325411904829425,0.0007963930945495145,0.9418937696735955,0.0008472769698284989,9507.201388377787,1379.6461090792786
grefcoco|instancevg|MiniCPM,gRefCOCO / InstanceVG + MiniCPM,grefcoco,both,两项同时改,0.96,3,0.5270207677546815,0.0009698200779801628,0.9528778984582518,0.0010717133384227106,9617.984479745734,1395.5448894028916
grefcoco|instancevg|MiniCPM,gRefCOCO / InstanceVG + MiniCPM,grefcoco,both,两项同时改,0.97,3,0.5204983504901266,0.000893575120142663,0.9650719829093762,0.0010717133384227106,9740.970872056107,1413.1949983680042
grefcoco|instancevg|MiniCPM,gRefCOCO / InstanceVG + MiniCPM,grefcoco,both,两项同时改,0.98,3,0.5137963304313303,0.0006302955157216679,0.9764342228398037,0.0008143666182094168,9855.567494968562,1429.6410688920857
grefcoco|instancevg|MiniCPM,gRefCOCO / InstanceVG + MiniCPM,grefcoco,both,两项同时改,0.99,3,0.5069147075782926,9.357773432602366e-05,0.988051687793627,0.00048144255369636903,9972.73825167356,1446.4565603014837
grefcoco|instancevg|MiniCPM,gRefCOCO / InstanceVG + MiniCPM,grefcoco,both,两项同时改,1.0,3,0.5000708958398321,0.0,1.0,0.0,10093.24584848,1463.7509306362917
grefcoco|instancevg|MiniCPM,gRefCOCO / InstanceVG + MiniCPM,grefcoco,original,原方法,0.0,3,0.6695119530385957,0.0,0.0,0.0,7.503634432,16.318855201956467
grefcoco|instancevg|MiniCPM,gRefCOCO / InstanceVG + MiniCPM,grefcoco,original,原方法,0.01,3,0.6742194368034484,0.0005415378002401663,0.04492905689627466,0.0027758676387843045,460.64652020812184,81.35061327263864
grefcoco|instancevg|MiniCPM,gRefCOCO / InstanceVG + MiniCPM,grefcoco,original,原方法,0.02,3,0.6771970620763973,0.0011912751540770635,0.06431670589569805,0.005721922375358464,656.1853501527518,109.41291830166644
grefcoco|instancevg|MiniCPM,gRefCOCO / InstanceVG + MiniCPM,grefcoco,original,原方法,0.03,3,0.6786338844303282,0.00135336590911576,0.07992324343740843,0.007672920053500877,813.5888646523051,132.00232132600817
grefcoco|instancevg|MiniCPM,gRefCOCO / InstanceVG + MiniCPM,grefcoco,original,原方法,0.04,3,0.679626426187978,0.001070461969913116,0.0931665863180482,0.008142261602234385,947.1578069986856,151.1711605974211
grefcoco|instancevg|MiniCPM,gRefCOCO / InstanceVG + MiniCPM,grefcoco,original,原方法,0.05,3,0.679891103990018,0.0007177890142290943,0.10489748461560276,0.007840998690258661,1065.4726231670354,168.15083906695963
grefcoco|instancevg|MiniCPM,gRefCOCO / InstanceVG + MiniCPM,grefcoco,original,原方法,0.06,3,0.6803259318076549,0.0005137652588341501,0.11747913299114275,0.006737053101355148,1192.3678853105275,186.3619204875525
grefcoco|instancevg|MiniCPM,gRefCOCO / InstanceVG + MiniCPM,grefcoco,original,原方法,0.07,3,0.6808174762971575,0.0005367314018122495,0.13036327028329978,0.005832586567250194,1322.3139726896259,205.01083406852027
grefcoco|instancevg|MiniCPM,gRefCOCO / InstanceVG + MiniCPM,grefcoco,original,原方法,0.08,3,0.6805433457164733,0.0006225930408671896,0.14230212971102854,0.005903076729771085,1442.7262312074547,222.2915221483165
grefcoco|instancevg|MiniCPM,gRefCOCO / InstanceVG + MiniCPM,grefcoco,original,原方法,0.09,3,0.680363742922232,0.0006775736962238823,0.15481760863605856,0.00505475350641574,1568.9541253306581,240.40682778382737
grefcoco|instancevg|MiniCPM,gRefCOCO / InstanceVG + MiniCPM,grefcoco,original,原方法,0.1,3,0.680127423456125,0.0007907632127485806,0.16706840975904869,0.004046760924054268,1692.5125473727062,258.1390302790103
grefcoco|instancevg|MiniCPM,gRefCOCO / InstanceVG + MiniCPM,grefcoco,original,原方法,0.11,3,0.6798343873181523,0.0008798704045388216,0.17844955524676478,0.004109339347644479,1807.2998468623864,274.6124653131153
grefcoco|instancevg|MiniCPM,gRefCOCO / InstanceVG + MiniCPM,grefcoco,original,原方法,0.12,3,0.6795129928442466,0.0009377804365471553,0.18981179517719235,0.004338382597917462,1921.8964697748415,291.0585358371969
grefcoco|instancevg|MiniCPM,gRefCOCO / InstanceVG + MiniCPM,grefcoco,original,原方法,0.13,3,0.6786716955449054,0.0011238872811125834,0.20089045174829143,0.004868612323082673,2033.6329440289157,307.0941387109271
grefcoco|instancevg|MiniCPM,gRefCOCO / InstanceVG + MiniCPM,grefcoco,original,原方法,0.14,3,0.6780667177116714,0.00145732296103388,0.21069298320241236,0.005245721543421001,2132.498749320277,321.2826371580757
grefcoco|instancevg|MiniCPM,gRefCOCO / InstanceVG + MiniCPM,grefcoco,original,原方法,0.15,3,0.6772065148550416,0.001465394124158557,0.22071292856535182,0.007056725601839535,2233.55733524973,335.7858274704938
grefcoco|instancevg|MiniCPM,gRefCOCO / InstanceVG + MiniCPM,grefcoco,original,原方法,0.16,3,0.6763935758916334,0.0013835329147595995,0.22986321829301723,0.007171812629403647,2325.8447986268147,349.03025032183405
grefcoco|instancevg|MiniCPM,gRefCOCO / InstanceVG + MiniCPM,grefcoco,original,原方法,0.17,3,0.6753915813553394,0.0015173402884336763,0.23860703853897855,0.007874669574867588,2414.0327155935543,361.6863362076706
grefcoco|instancevg|MiniCPM,gRefCOCO / InstanceVG + MiniCPM,grefcoco,original,原方法,0.18,3,0.6739264006654757,0.0019317464938165153,0.24883494503209222,0.00780619823882189,2517.1887438724866,376.49053613034647
grefcoco|instancevg|MiniCPM,gRefCOCO / InstanceVG + MiniCPM,grefcoco,original,原方法,0.19,3,0.6731512728166443,0.002259233871584527,0.256992693002108,0.008544172047533749,2599.4656869452388,388.2983222054566
grefcoco|instancevg|MiniCPM,gRefCOCO / InstanceVG + MiniCPM,grefcoco,original,原方法,0.2,3,0.6717428087986463,0.003125197842375181,0.26705990225826876,0.009143363531876508,2701.0009643177546,402.86992379293315
grefcoco|instancevg|MiniCPM,gRefCOCO / InstanceVG + MiniCPM,grefcoco,original,原方法,0.21,3,0.6707786253769296,0.0030076180790647306,0.2755390447021902,0.00934283681814668,2786.5194092033394,415.1429065384417
grefcoco|instancevg|MiniCPM,gRefCOCO / InstanceVG + MiniCPM,grefcoco,original,原方法,0.22,3,0.6695686697104614,0.0034814982850518003,0.28362117044305174,0.009380119469322839,2868.0336459671903,426.8412345734582
grefcoco|instancevg|MiniCPM,gRefCOCO / InstanceVG + MiniCPM,grefcoco,original,原方法,0.23,3,0.6684626946090804,0.0037012426905678997,0.2929794213008914,0.009999342092610693,2962.4185516937546,440.3866670350562
grefcoco|instancevg|MiniCPM,gRefCOCO / InstanceVG + MiniCPM,grefcoco,original,原方法,0.24,3,0.667148758377525,0.004307626146057513,0.3025834444034824,0.009073249470922487,3059.282252924249,454.2878381269588
grefcoco|instancevg|MiniCPM,gRefCOCO / InstanceVG + MiniCPM,grefcoco,original,原方法,0.25,3,0.6658726332605469,0.0048175982262131,0.3117620924670807,0.009206880232216604,3151.855731167172,467.5733077433342
grefcoco|instancevg|MiniCPM,gRefCOCO / InstanceVG + MiniCPM,grefcoco,original,原方法,0.26,3,0.6642845664483076,0.005205400677898473,0.32189547117375156,0.009123660155824689,3254.0583765599777,482.2406851158929
grefcoco|instancevg|MiniCPM,gRefCOCO / InstanceVG + MiniCPM,grefcoco,original,原方法,0.27,3,0.6627532163079337,0.0054874825203285495,0.33114974146650406,0.00947656027835034,3347.394561111802,495.635612772362
grefcoco|instancevg|MiniCPM,gRefCOCO / InstanceVG + MiniCPM,grefcoco,original,原方法,0.28,3,0.661127338381117,0.005933574738293955,0.3402716728582367,0.008895752791723036,3439.3960096230494,508.83898885866716
grefcoco|instancevg|MiniCPM,gRefCOCO / InstanceVG + MiniCPM,grefcoco,original,原方法,0.29,3,0.6596527049126091,0.006356162512517477,0.34870355140893666,0.009462972695712816,3524.43776306557,521.0435603291171
grefcoco|instancevg|MiniCPM,gRefCOCO / InstanceVG + MiniCPM,grefcoco,original,原方法,0.3,3,0.6582347881159667,0.00679647553569934,0.3571354299596366,0.0098068284728935,3609.47951650809,533.248131799567
grefcoco|instancevg|MiniCPM,gRefCOCO / InstanceVG + MiniCPM,grefcoco,original,原方法,0.31,3,0.657109907457297,0.006940837493572802,0.3657941751977994,0.009915122212193869,3696.8093888773155,545.781077390298
grefcoco|instancevg|MiniCPM,gRefCOCO / InstanceVG + MiniCPM,grefcoco,original,原方法,0.32,3,0.6557770656684533,0.007285842201549398,0.37517133161292765,0.009565950445108471,3791.384971181106,559.3538743619196
grefcoco|instancevg|MiniCPM,gRefCOCO / InstanceVG + MiniCPM,grefcoco,original,原方法,0.33,3,0.6542646210853681,0.007736936190344077,0.38488878805925,0.011016190526590496,3889.392731874952,573.4192325139627
grefcoco|instancevg|MiniCPM,gRefCOCO / InstanceVG + MiniCPM,grefcoco,original,原方法,0.34,3,0.6526576487158401,0.008230282001722029,0.3938689277713184,0.011599726490191186,3979.964106057009,586.4173747750921
grefcoco|instancevg|MiniCPM,gRefCOCO / InstanceVG + MiniCPM,grefcoco,original,原方法,0.35,3,0.6512113735832648,0.008659787457800234,0.4029719536057624,0.011492114314915383,4071.7748779910303,599.5933863513737
grefcoco|instancevg|MiniCPM,gRefCOCO / InstanceVG + MiniCPM,grefcoco,original,原方法,0.36,3,0.6496894762215354,0.008775916115160294,0.41243418502868917,0.011254135420690394,4167.2085048923345,613.2893236181006
grefcoco|instancevg|MiniCPM,gRefCOCO / InstanceVG + MiniCPM,grefcoco,original,原方法,0.37,3,0.6481675788598058,0.009146998240623951,0.4212347219465162,0.011367578473858324,4255.96845159075,626.0275030340075
grefcoco|instancevg|MiniCPM,gRefCOCO / InstanceVG + MiniCPM,grefcoco,original,原方法,0.38,3,0.6462203064590836,0.009393541527385984,0.4305173505752016,0.012010022181898157,4349.590651008412,639.4634774555118
grefcoco|instancevg|MiniCPM,gRefCOCO / InstanceVG + MiniCPM,grefcoco,original,原方法,0.39,3,0.6448496535556627,0.009432982703099675,0.4394029625008271,0.011652534976922176,4439.208642304343,652.324797166524
grefcoco|instancevg|MiniCPM,gRefCOCO / InstanceVG + MiniCPM,grefcoco,original,原方法,0.4,3,0.6437247728969929,0.009427098373150046,0.4468517520725217,0.011414064837074227,4514.335213731143,663.1064141157556
grefcoco|instancevg|MiniCPM,gRefCOCO / InstanceVG + MiniCPM,grefcoco,original,原方法,0.41,3,0.641947650511868,0.00963591050967979,0.45572791121950296,0.011504245208283616,4603.85786673846,675.9540515717562
grefcoco|instancevg|MiniCPM,gRefCOCO / InstanceVG + MiniCPM,grefcoco,original,原方法,0.42,3,0.6401799809053871,0.009651347174920779,0.4641314314342701,0.011176142957454109,4688.613605315143,688.1175762771709
grefcoco|instancevg|MiniCPM,gRefCOCO / InstanceVG + MiniCPM,grefcoco,original,原方法,0.43,3,0.6385919140931478,0.009629630556149547,0.4725349516490372,0.011309916840396294,4773.369343891825,700.2811009825856
grefcoco|instancevg|MiniCPM,gRefCOCO / InstanceVG + MiniCPM,grefcoco,original,原方法,0.44,3,0.6370416583954853,0.009636188699480854,0.4808723024132944,0.010511039305674751,4857.457714448219,712.3488499029185
grefcoco|instancevg|MiniCPM,gRefCOCO / InstanceVG + MiniCPM,grefcoco,original,原方法,0.45,3,0.6352456304530717,0.009815598936038833,0.4893892559717929,0.010125854252442038,4943.3575124882545,724.6765616684738
grefcoco|instancevg|MiniCPM,gRefCOCO / InstanceVG + MiniCPM,grefcoco,original,原方法,0.46,3,0.6336670164194765,0.00999477470733724,0.49671515942111183,0.009524470782921032,5017.24468616309,735.2803093025531
grefcoco|instancevg|MiniCPM,gRefCOCO / InstanceVG + MiniCPM,grefcoco,original,原方法,0.47,3,0.6320127801567271,0.009797393520568215,0.5050808685213019,0.009887109410395993,5101.619071585322,747.389104987921
grefcoco|instancevg|MiniCPM,gRefCOCO / InstanceVG + MiniCPM,grefcoco,original,原方法,0.48,3,0.6303679966726219,0.00981029934431753,0.5133047859418277,0.009329169408993173,5184.563382678364,759.2926668481134
grefcoco|instancevg|MiniCPM,gRefCOCO / InstanceVG + MiniCPM,grefcoco,original,原方法,0.49,3,0.6287515715244495,0.009895673277692182,0.5226157729064459,0.009526572035391971,5278.471596961865,772.7696880346527
grefcoco|instancevg|MiniCPM,gRefCOCO / InstanceVG + MiniCPM,grefcoco,original,原方法,0.5,3,0.6273242019491629,0.009832598413097358,0.5310665570144345,0.009248673211785196,5363.704026981612,785.0016240151261
grefcoco|instancevg|MiniCPM,gRefCOCO / InstanceVG + MiniCPM,grefcoco,original,原方法,0.51,3,0.6256037962359036,0.009883746878345902,0.5397158494739529,0.008402908792330719,5450.938561062223,797.5208873508454
grefcoco|instancevg|MiniCPM,gRefCOCO / InstanceVG + MiniCPM,grefcoco,original,原方法,0.52,3,0.6237888627362013,0.009800293342150409,0.5482517085897399,0.0084842466726669,5537.029035679483,809.8759636264241
grefcoco|instancevg|MiniCPM,gRefCOCO / InstanceVG + MiniCPM,grefcoco,original,原方法,0.53,3,0.6221818903666733,0.010030917064038556,0.5556248759322803,0.008700449615085806,5611.392900797382,820.5481225355619
grefcoco|instancevg|MiniCPM,gRefCOCO / InstanceVG + MiniCPM,grefcoco,original,原方法,0.54,3,0.6202818818591725,0.010121370442643416,0.5646428267589257,0.009470184090957644,5702.3456281338895,833.6009938167382
grefcoco|instancevg|MiniCPM,gRefCOCO / InstanceVG + MiniCPM,grefcoco,original,原方法,0.55,3,0.6188734178411744,0.010075589007489926,0.5723751996899488,0.009764120943604904,5780.33234821907,844.7930784163211
grefcoco|instancevg|MiniCPM,gRefCOCO / InstanceVG + MiniCPM,grefcoco,original,原方法,0.56,3,0.6167276370889222,0.009989552281372877,0.581081208821333,0.008945855207442318,5868.13891203136,857.3944352821109
grefcoco|instancevg|MiniCPM,gRefCOCO / InstanceVG + MiniCPM,grefcoco,original,原方法,0.57,3,0.6151490230553271,0.009972865147611568,0.5888986567601546,0.009190502623313012,5946.983676714056,868.7096601767993
grefcoco|instancevg|MiniCPM,gRefCOCO / InstanceVG + MiniCPM,grefcoco,original,原方法,0.58,3,0.613239561769182,0.010023841647160636,0.596838990821352,0.008852657156197262,6027.067839148716,880.2027543866401
grefcoco|instancevg|MiniCPM,gRefCOCO / InstanceVG + MiniCPM,grefcoco,original,原方法,0.59,3,0.6116514949569426,0.010029536234948755,0.6040325553696508,0.009023596945745508,6099.620276782974,890.6149504505552
grefcoco|instancevg|MiniCPM,gRefCOCO / InstanceVG + MiniCPM,grefcoco,original,原方法,0.6,3,0.6101485031525017,0.009905312309579351,0.611764928300674,0.008638836428393179,6177.606996868156,901.8070350501383
grefcoco|instancevg|MiniCPM,gRefCOCO / InstanceVG + MiniCPM,grefcoco,original,原方法,0.61,3,0.6082674002022895,0.00980816777353647,0.6198848651561126,0.008487658314180385,6259.502586786458,913.5600921052016
grefcoco|instancevg|MiniCPM,gRefCOCO / InstanceVG + MiniCPM,grefcoco,original,原方法,0.62,3,0.6065848056036072,0.00980405818230916,0.6282411214776583,0.008715943762864817,6343.781633920076,925.6552055355578
grefcoco|instancevg|MiniCPM,gRefCOCO / InstanceVG + MiniCPM,grefcoco,original,原方法,0.63,3,0.6048265887757707,0.009541923380768483,0.6364272277836069,0.009228749291161274,6426.344591858667,937.5040383757031
grefcoco|instancevg|MiniCPM,gRefCOCO / InstanceVG + MiniCPM,grefcoco,original,原方法,0.64,3,0.6030211080547128,0.009399732052994915,0.6452372174800783,0.008786631057525985,6515.199876845697,950.2559000466218
grefcoco|instancevg|MiniCPM,gRefCOCO / InstanceVG + MiniCPM,grefcoco,original,原方法,0.65,3,0.6013007023414533,0.00913597241018234,0.6528656098460143,0.009029298911157406,6592.137875756138,961.2974798410759
grefcoco|instancevg|MiniCPM,gRefCOCO / InstanceVG + MiniCPM,grefcoco,original,原方法,0.66,3,0.5992872604902212,0.00919936530599135,0.6610800744878956,0.008388391721092287,6674.986848560566,973.1873594462562
grefcoco|instancevg|MiniCPM,gRefCOCO / InstanceVG + MiniCPM,grefcoco,original,原方法,0.67,3,0.5975290436623846,0.00907101365783639,0.6695025002599514,0.0077602188887146,6759.933263714474,985.3782486616946
grefcoco|instancevg|MiniCPM,gRefCOCO / InstanceVG + MiniCPM,grefcoco,original,原方法,0.68,3,0.5953927156887767,0.009062912838653894,0.6785204510865969,0.007426503817004564,6850.885991050982,998.4311199428707
grefcoco|instancevg|MiniCPM,gRefCOCO / InstanceVG + MiniCPM,grefcoco,original,原方法,0.69,3,0.5937006683114502,0.009178360873760371,0.68631899346813,0.006291433155867443,6929.5400791564525,1009.7189803275359
grefcoco|instancevg|MiniCPM,gRefCOCO / InstanceVG + MiniCPM,grefcoco,original,原方法,0.7,3,0.5916494153456409,0.009196888113421205,0.6952991331801983,0.00628921715217643,7020.111453338509,1022.7171225886652
grefcoco|instancevg|MiniCPM,gRefCOCO / InstanceVG + MiniCPM,grefcoco,original,原方法,0.71,3,0.5898533874032271,0.009341593413559118,0.703286731134617,0.006278196564291221,7100.672307216233,1034.2786280735645
grefcoco|instancevg|MiniCPM,gRefCOCO / InstanceVG + MiniCPM,grefcoco,original,原方法,0.72,3,0.5876508899791094,0.009419474553195561,0.7131743375965366,0.006639014245866606,7200.3961571051095,1048.5902668158187
grefcoco|instancevg|MiniCPM,gRefCOCO / InstanceVG + MiniCPM,grefcoco,original,原方法,0.73,3,0.5857508814716086,0.009109644299865004,0.7214644244675723,0.006817845676298493,7284.0078362184395,1060.589604461093
grefcoco|instancevg|MiniCPM,gRefCOCO / InstanceVG + MiniCPM,grefcoco,original,原方法,0.74,3,0.5836334590552893,0.008991257258145258,0.7299246613542051,0.006704426152341965,7369.335604526797,1072.8352226965778
grefcoco|instancevg|MiniCPM,gRefCOCO / InstanceVG + MiniCPM,grefcoco,original,原方法,0.75,3,0.5814404144098159,0.00858033252822142,0.7394719677849304,0.008502993761525655,7465.627276025616,1086.65430025841
grefcoco|instancevg|MiniCPM,gRefCOCO / InstanceVG + MiniCPM,grefcoco,original,原方法,0.76,3,0.579408067001295,0.008342825576559049,0.7475068296325705,0.008574332003549545,7546.664821346404,1098.284217018368
grefcoco|instancevg|MiniCPM,gRefCOCO / InstanceVG + MiniCPM,grefcoco,original,原方法,0.77,3,0.57736626681413,0.00804285381163401,0.7562790082144647,0.008681212876348115,7635.1387531789815,1110.9813496692398
grefcoco|instancevg|MiniCPM,gRefCOCO / InstanceVG + MiniCPM,grefcoco,original,原方法,0.78,3,0.5751165054967907,0.008107916657113915,0.7657601451946799,0.008773349914837794,7730.76305665751,1124.70465144599
grefcoco|instancevg|MiniCPM,gRefCOCO / InstanceVG + MiniCPM,grefcoco,original,原方法,0.79,3,0.5726398774919889,0.007660145947342854,0.7751940182816739,0.009274876423397391,7825.910668692976,1138.3595419476817
grefcoco|instancevg|MiniCPM,gRefCOCO / InstanceVG + MiniCPM,grefcoco,original,原方法,0.8,3,0.5707965856563537,0.007802305398239622,0.7841363468791651,0.008943627510790869,7916.100689720582,1151.3029551887644
grefcoco|instancevg|MiniCPM,gRefCOCO / InstanceVG + MiniCPM,grefcoco,original,原方法,0.81,3,0.5685184660030815,0.00763102158917731,0.7934095227292063,0.00891706217729894,8009.627550849633,1164.725247355257
grefcoco|instancevg|MiniCPM,gRefCOCO / InstanceVG + MiniCPM,grefcoco,original,原方法,0.82,3,0.566259251907098,0.0072902804900308715,0.8023045874334761,0.009254448918612828,8099.340880434175,1177.600249321281
grefcoco|instancevg|MiniCPM,gRefCOCO / InstanceVG + MiniCPM,grefcoco,original,原方法,0.83,3,0.5641229239334903,0.007223395091058391,0.8105757687472233,0.008296621479466769,8182.76188297028,1189.5722224565316
grefcoco|instancevg|MiniCPM,gRefCOCO / InstanceVG + MiniCPM,grefcoco,original,原方法,0.84,3,0.5616179375927555,0.006707184432545703,0.8201703390711699,0.009488602960963334,8279.530245912161,1203.4597112934223
grefcoco|instancevg|MiniCPM,gRefCOCO / InstanceVG + MiniCPM,grefcoco,original,原方法,0.85,3,0.5591318568093091,0.006475077472665963,0.8296136649368081,0.009342664664304827,8374.77319623624,1217.1282840501258
grefcoco|instancevg|MiniCPM,gRefCOCO / InstanceVG + MiniCPM,grefcoco,original,原方法,0.86,3,0.5566930399190843,0.006185946301883619,0.8385654463129436,0.010218877812758589,8465.058555552458,1230.08537954622
grefcoco|instancevg|MiniCPM,gRefCOCO / InstanceVG + MiniCPM,grefcoco,original,原方法,0.87,3,0.5539611868908866,0.005829061910237554,0.8484341472175746,0.010905598250638093,8564.591728864109,1244.3696537784508
grefcoco|instancevg|MiniCPM,gRefCOCO / InstanceVG + MiniCPM,grefcoco,original,原方法,0.88,3,0.5513900310996417,0.004896083101297839,0.8582461314503398,0.011959584413082348,8663.552872444081,1258.5718344806112
grefcoco|instancevg|MiniCPM,gRefCOCO / InstanceVG + MiniCPM,grefcoco,original,原方法,0.89,3,0.5482138974751628,0.00409738429460064,0.8676800045373337,0.013450603171652009,8758.700484479548,1272.2267249823028
grefcoco|instancevg|MiniCPM,gRefCOCO / InstanceVG + MiniCPM,grefcoco,original,原方法,0.9,3,0.5453213472100124,0.003690387058675928,0.8773029331972134,0.01223524083671025,8855.75486228727,1286.1552605842292
grefcoco|instancevg|MiniCPM,gRefCOCO / InstanceVG + MiniCPM,grefcoco,original,原方法,0.91,3,0.5420128746845135,0.0033024983771880426,0.8877955174923668,0.014059259757785809,8961.580362647355,1301.3425636472327
grefcoco|instancevg|MiniCPM,gRefCOCO / InstanceVG + MiniCPM,grefcoco,original,原方法,0.92,3,0.5385342521434175,0.0030980607738457146,0.8988363629488889,0.015067883344047338,9072.93548374698,1317.3234375009163
grefcoco|instancevg|MiniCPM,gRefCOCO / InstanceVG + MiniCPM,grefcoco,original,原方法,0.93,3,0.5348193101362145,0.0029220861371181467,0.9099811889704977,0.015344844384073209,9185.33932602134,1333.4548161597281
grefcoco|instancevg|MiniCPM,gRefCOCO / InstanceVG + MiniCPM,grefcoco,original,原方法,0.94,3,0.5316242709544471,0.003351753236698738,0.9201334732344573,0.015695193946690233,9287.732647991372,1348.1495580423104
grefcoco|instancevg|MiniCPM,gRefCOCO / InstanceVG + MiniCPM,grefcoco,original,原方法,0.95,3,0.5275879344733384,0.003908949709419728,0.9317320326309918,0.015784368548069225,9404.712728119144,1364.9376849416847
grefcoco|instancevg|MiniCPM,gRefCOCO / InstanceVG + MiniCPM,grefcoco,original,原方法,0.96,3,0.5239864258098668,0.0038559227014723627,0.9413927724054485,0.015118412573123127,9502.148459081314,1378.9209495636576
grefcoco|instancevg|MiniCPM,gRefCOCO / InstanceVG + MiniCPM,grefcoco,original,原方法,0.97,3,0.5198272032063825,0.003925373748507694,0.9532938207186001,0.013209405010335662,9622.179364444692,1396.146908623407
grefcoco|instancevg|MiniCPM,gRefCOCO / InstanceVG + MiniCPM,grefcoco,original,原方法,0.98,3,0.5152520583425498,0.003849103678203556,0.9653366607114161,0.011483791694188549,9743.640344137262,1413.578101508332
grefcoco|instancevg|MiniCPM,gRefCOCO / InstanceVG + MiniCPM,grefcoco,original,原方法,0.99,3,0.5100152189736173,0.0036056620177345906,0.978079006323909,0.009338895613008017,9872.15635718717,1432.0217812641245
grefcoco|instancevg|MiniCPM,gRefCOCO / InstanceVG + MiniCPM,grefcoco,original,原方法,1.0,3,0.5000708958398321,0.0,1.0,0.0,10093.24584848,1463.7509306362917
grefcoco|instancevg|MiniCPM,gRefCOCO / InstanceVG + MiniCPM,grefcoco,confidence,置信度路由,0.0,1,0.6695119530385957,0.0,0.0,0.0,7.503634432,16.318855201956467
grefcoco|instancevg|MiniCPM,gRefCOCO / InstanceVG + MiniCPM,grefcoco,confidence,置信度路由,0.01,1,0.6686044862887446,0.0,0.002467175226157729,0.0,32.38692775991243,19.889923760014124
grefcoco|instancevg|MiniCPM,gRefCOCO / InstanceVG + MiniCPM,grefcoco,confidence,置信度路由,0.02,1,0.6678388112185577,0.0,0.004849275444516916,0.0,56.41217649031064,23.337852022966345
grefcoco|instancevg|MiniCPM,gRefCOCO / InstanceVG + MiniCPM,grefcoco,confidence,置信度路由,0.03,1,0.667214927828035,0.0,0.007600034030003119,0.0,84.1556184766038,27.319388231375456
grefcoco|instancevg|MiniCPM,gRefCOCO / InstanceVG + MiniCPM,grefcoco,confidence,置信度路由,0.04,1,0.6666761194453109,0.0,0.009811984232765221,0.0,106.46477801197358,30.521035904116808
grefcoco|instancevg|MiniCPM,gRefCOCO / InstanceVG + MiniCPM,grefcoco,confidence,置信度路由,0.05,1,0.6662791027422511,0.0,0.012534384482318578,0.0,133.9222051324287,34.46152534749078
grefcoco|instancevg|MiniCPM,gRefCOCO / InstanceVG + MiniCPM,grefcoco,confidence,置信度路由,0.06,1,0.6658537277032583,0.0,0.01607917647392451,0.0,169.67406336218795,39.592370976883956
grefcoco|instancevg|MiniCPM,gRefCOCO / InstanceVG + MiniCPM,grefcoco,confidence,置信度路由,0.07,1,0.6654850693361314,0.0,0.019709043473328986,0.0,206.2839661894614,44.84635690138258
grefcoco|instancevg|MiniCPM,gRefCOCO / InstanceVG + MiniCPM,grefcoco,confidence,置信度路由,0.08,1,0.6652865609846014,0.0,0.02353741882426339,0.0,244.89597307760135,50.38767018112722
grefcoco|instancevg|MiniCPM,gRefCOCO / InstanceVG + MiniCPM,grefcoco,confidence,置信度路由,0.09,1,0.6648611859456087,0.0,0.028868785979638715,0.0,298.66676785515926,58.10446200773457
grefcoco|instancevg|MiniCPM,gRefCOCO / InstanceVG + MiniCPM,grefcoco,confidence,置信度路由,0.1,1,0.6645208859144145,0.0,0.0345971698380739,0.0,356.4417707544502,66.39590854483396
grefcoco|instancevg|MiniCPM,gRefCOCO / InstanceVG + MiniCPM,grefcoco,confidence,置信度路由,0.11,1,0.6642089442191532,0.0,0.03981510364971783,0.0,409.0685060686558,73.94851331130073
grefcoco|instancevg|MiniCPM,gRefCOCO / InstanceVG + MiniCPM,grefcoco,confidence,置信度路由,0.12,1,0.6640387942035562,0.0,0.045855429203414344,0.0,469.9896724921656,82.69147426378672
grefcoco|instancevg|MiniCPM,gRefCOCO / InstanceVG + MiniCPM,grefcoco,confidence,置信度路由,0.13,1,0.6637268525082948,0.0,0.05317187987408899,0.0,543.7815078783887,93.28153964285426
grefcoco|instancevg|MiniCPM,gRefCOCO / InstanceVG + MiniCPM,grefcoco,confidence,置信度路由,0.14,1,0.6633581941411678,0.0,0.05960922213084536,0.0,608.7068824236314,102.59915530583227
grefcoco|instancevg|MiniCPM,gRefCOCO / InstanceVG + MiniCPM,grefcoco,confidence,置信度路由,0.15,1,0.6630178941099736,0.0,0.0675211978561098,0.0,688.505029992454,114.05120275063786
grefcoco|instancevg|MiniCPM,gRefCOCO / InstanceVG + MiniCPM,grefcoco,confidence,置信度路由,0.16,1,0.6626492357428466,0.0,0.07551824858917279,0.0,769.1612221587909,125.6263904905489
grefcoco|instancevg|MiniCPM,gRefCOCO / InstanceVG + MiniCPM,grefcoco,confidence,置信度路由,0.17,1,0.6621671440319882,0.0,0.08212574086152624,0.0,835.8026858990621,135.19028674373777
grefcoco|instancevg|MiniCPM,gRefCOCO / InstanceVG + MiniCPM,grefcoco,confidence,置信度路由,0.18,1,0.6619969940163911,0.0,0.08856308311828262,0.0,900.7280604443049,144.50790240671583
grefcoco|instancevg|MiniCPM,gRefCOCO / InstanceVG + MiniCPM,grefcoco,confidence,置信度路由,0.19,1,0.6615716189773984,0.0,0.09480191702350906,0.0,963.6513309286811,153.5381907144478
grefcoco|instancevg|MiniCPM,gRefCOCO / InstanceVG + MiniCPM,grefcoco,confidence,置信度路由,0.2,1,0.6612029606102714,0.0,0.10007656750701868,0.0,1016.8500959745629,161.17288901098487
grefcoco|instancevg|MiniCPM,gRefCOCO / InstanceVG + MiniCPM,grefcoco,confidence,置信度路由,0.21,1,0.6608910189150101,0.0,0.10554972634205825,0.0,1072.0509650813112,169.09491466276796
grefcoco|instancevg|MiniCPM,gRefCOCO / InstanceVG + MiniCPM,grefcoco,confidence,置信度路由,0.22,1,0.6605790772197487,0.0,0.11005870175538099,0.0,1117.5273287495647,175.62135030335608
grefcoco|instancevg|MiniCPM,gRefCOCO / InstanceVG + MiniCPM,grefcoco,confidence,置信度路由,0.23,1,0.6602671355244875,0.0,0.11527663556702493,0.0,1170.1540640637704,183.17395506982288
grefcoco|instancevg|MiniCPM,gRefCOCO / InstanceVG + MiniCPM,grefcoco,confidence,置信度路由,0.24,1,0.6599835521651589,0.0,0.12029606102713893,0.0,1220.7786953171096,190.4392324810436
grefcoco|instancevg|MiniCPM,gRefCOCO / InstanceVG + MiniCPM,grefcoco,confidence,置信度路由,0.25,1,0.6596999688058305,0.0,0.12477667810452883,0.0,1265.9690441195253,196.92462135659662
grefcoco|instancevg|MiniCPM,gRefCOCO / InstanceVG + MiniCPM,grefcoco,confidence,置信度路由,0.26,1,0.659217877094972,0.0,0.12914386183818732,0.0,1310.0153334585884,203.24582317200898
grefcoco|instancevg|MiniCPM,gRefCOCO / InstanceVG + MiniCPM,grefcoco,confidence,置信度路由,0.27,1,0.6587925020559794,0.0,0.1322916371267334,0.0,1341.7629835666146,207.80201409091015
grefcoco|instancevg|MiniCPM,gRefCOCO / InstanceVG + MiniCPM,grefcoco,confidence,置信度路由,0.28,1,0.6582253353373224,0.0,0.13626180415733205,0.0,1381.8050647839452,213.54856119583053
grefcoco|instancevg|MiniCPM,gRefCOCO / InstanceVG + MiniCPM,grefcoco,confidence,置信度路由,0.29,1,0.6578283186342625,0.0,0.14023197118793068,0.0,1421.8471460012754,219.29510830075088
grefcoco|instancevg|MiniCPM,gRefCOCO / InstanceVG + MiniCPM,grefcoco,confidence,置信度路由,0.3,1,0.6573178685874713,0.0,0.14326631313274538,0.0,1452.4507366459495,223.68711215951146
grefcoco|instancevg|MiniCPM,gRefCOCO / InstanceVG + MiniCPM,grefcoco,confidence,置信度路由,0.31,1,0.6569208518844114,0.0,0.14766185520233674,0.0,1496.783040850851,230.04936073995904
grefcoco|instancevg|MiniCPM,gRefCOCO / InstanceVG + MiniCPM,grefcoco,confidence,置信度路由,0.32,1,0.6565805518532173,0.0,0.15066783881121856,0.0,1527.1006166296868,234.40031783368445
grefcoco|instancevg|MiniCPM,gRefCOCO / InstanceVG + MiniCPM,grefcoco,confidence,置信度路由,0.33,1,0.6561268184782917,0.0,0.15452457249808582,0.0,1565.998638383665,239.98267787846424
grefcoco|instancevg|MiniCPM,gRefCOCO / InstanceVG + MiniCPM,grefcoco,confidence,置信度路由,0.34,1,0.6558715934548961,0.0,0.15806936448969175,0.0,1601.750496613424,245.11352350785742
grefcoco|instancevg|MiniCPM,gRefCOCO / InstanceVG + MiniCPM,grefcoco,confidence,置信度路由,0.35,1,0.6555596517596347,0.0,0.16201117318435754,0.0,1641.5065629649162,250.8190238477426
grefcoco|instancevg|MiniCPM,gRefCOCO / InstanceVG + MiniCPM,grefcoco,confidence,置信度路由,0.36,1,0.6551626350565749,0.0,0.1657544735274934,0.0,1679.260525255542,256.2371968323818
grefcoco|instancevg|MiniCPM,gRefCOCO / InstanceVG + MiniCPM,grefcoco,confidence,置信度路由,0.37,1,0.6545954683379179,0.0,0.17012165726115192,0.0,1723.3068145946054,262.5583986477942
grefcoco|instancevg|MiniCPM,gRefCOCO / InstanceVG + MiniCPM,grefcoco,confidence,置信度路由,0.38,1,0.6540850182911266,0.0,0.17536794940872868,0.0,1776.219564774649,270.1520501792961
grefcoco|instancevg|MiniCPM,gRefCOCO / InstanceVG + MiniCPM,grefcoco,confidence,置信度路由,0.39,1,0.6534044182287383,0.0,0.17965005813458867,0.0,1819.4078095161983,276.35011169960313
grefcoco|instancevg|MiniCPM,gRefCOCO / InstanceVG + MiniCPM,grefcoco,confidence,置信度路由,0.4,1,0.653092476533477,0.0,0.18401724186824717,0.0,1863.4540988552617,282.6713135150155
grefcoco|instancevg|MiniCPM,gRefCOCO / InstanceVG + MiniCPM,grefcoco,confidence,置信度路由,0.41,1,0.6527521765022829,0.0,0.18858293395343562,0.0,1909.5024922551916,289.27984268567394
grefcoco|instancevg|MiniCPM,gRefCOCO / InstanceVG + MiniCPM,grefcoco,confidence,置信度路由,0.42,1,0.6523835181351558,0.0,0.19238295096843716,0.0,1947.8284842774933,294.78010920038344
grefcoco|instancevg|MiniCPM,gRefCOCO / InstanceVG + MiniCPM,grefcoco,confidence,置信度路由,0.43,1,0.6517596347446332,0.0,0.19689192638175992,0.0,1993.3048479457473,301.3065448409716
grefcoco|instancevg|MiniCPM,gRefCOCO / InstanceVG + MiniCPM,grefcoco,confidence,置信度路由,0.44,1,0.6511641096900433,0.0,0.20182627683407536,0.0,2043.071434601572,308.4486819570869
grefcoco|instancevg|MiniCPM,gRefCOCO / InstanceVG + MiniCPM,grefcoco,confidence,置信度路由,0.45,1,0.6505402262995208,0.0,0.20718600232538353,0.0,2097.1282442449683,316.2065205487294
grefcoco|instancevg|MiniCPM,gRefCOCO / InstanceVG + MiniCPM,grefcoco,confidence,置信度路由,0.46,1,0.6500864929245952,0.0,0.21189348609023623,0.0,2144.6067119740887,323.02028354456354
grefcoco|instancevg|MiniCPM,gRefCOCO / InstanceVG + MiniCPM,grefcoco,confidence,置信度路由,0.47,1,0.6500581345886624,0.0,0.217139778237813,0.0,2197.5194621541323,330.61393507606545
grefcoco|instancevg|MiniCPM,gRefCOCO / InstanceVG + MiniCPM,grefcoco,confidence,置信度路由,0.48,1,0.6507670929869835,0.0,0.22198905368232993,0.0,2246.428004212443,337.63293189707537
grefcoco|instancevg|MiniCPM,gRefCOCO / InstanceVG + MiniCPM,grefcoco,confidence,置信度路由,0.49,1,0.6515611263931033,0.0,0.22763236253296656,0.0,2303.34496251422,345.80123813906926
grefcoco|instancevg|MiniCPM,gRefCOCO / InstanceVG + MiniCPM,grefcoco,confidence,置信度路由,0.5,1,0.6527521765022829,0.0,0.2345234381646485,0.0,2372.8465749128713,355.77560204260965
grefcoco|instancevg|MiniCPM,gRefCOCO / InstanceVG + MiniCPM,grefcoco,confidence,置信度路由,0.51,1,0.6537447182599325,0.0,0.24382497235062248,0.0,2466.65945090776,369.2389409741374
grefcoco|instancevg|MiniCPM,gRefCOCO / InstanceVG + MiniCPM,grefcoco,confidence,置信度路由,0.52,1,0.6545387516660522,0.0,0.252644414825738,0.0,2555.6100741834007,382.0044849000676
grefcoco|instancevg|MiniCPM,gRefCOCO / InstanceVG + MiniCPM,grefcoco,confidence,置信度路由,0.53,1,0.6538581516036639,0.0,0.26401610753480986,0.0,2670.3020353844686,398.46423767916093
grefcoco|instancevg|MiniCPM,gRefCOCO / InstanceVG + MiniCPM,grefcoco,confidence,置信度路由,0.54,1,0.6537163599239997,0.0,0.2760116836344043,0.0,2791.2863236339736,415.8270192890275
grefcoco|instancevg|MiniCPM,gRefCOCO / InstanceVG + MiniCPM,grefcoco,confidence,置信度路由,0.55,1,0.6533477015568726,0.0,0.2893401015228426,0.0,2925.7133105778685,435.11899885554584
grefcoco|instancevg|MiniCPM,gRefCOCO / InstanceVG + MiniCPM,grefcoco,confidence,置信度路由,0.56,1,0.6525536681507529,0.0,0.3036043444970649,0.0,3069.57878809442,455.76552166822404
grefcoco|instancevg|MiniCPM,gRefCOCO / InstanceVG + MiniCPM,grefcoco,confidence,置信度路由,0.57,1,0.6509088846666478,0.0,0.3175850041119587,0.0,3210.58411695259,476.0015768305508
grefcoco|instancevg|MiniCPM,gRefCOCO / InstanceVG + MiniCPM,grefcoco,confidence,置信度路由,0.58,1,0.6498312679011996,0.0,0.33462836400760004,0.0,3382.4790513212724,500.6706826166732
grefcoco|instancevg|MiniCPM,gRefCOCO / InstanceVG + MiniCPM,grefcoco,confidence,置信度路由,0.59,1,0.6465984176048549,0.0,0.35637920766809406,0.0,3601.8524534190756,532.1535513986298
grefcoco|instancevg|MiniCPM,gRefCOCO / InstanceVG + MiniCPM,grefcoco,confidence,置信度路由,0.6,1,0.6442730340583614,0.0,0.37968975980489467,0.0,3836.9566731379723,565.8939922575194
grefcoco|instancevg|MiniCPM,gRefCOCO / InstanceVG + MiniCPM,grefcoco,confidence,置信度路由,0.61,1,0.6405580920511584,0.0,0.4046450954258004,0.0,4088.649755075477,602.0151454884474
grefcoco|instancevg|MiniCPM,gRefCOCO / InstanceVG + MiniCPM,grefcoco,confidence,置信度路由,0.62,1,0.6357371749425744,0.0,0.43141536454640844,0.0,4358.647788426619,640.7632916816248
grefcoco|instancevg|MiniCPM,gRefCOCO / InstanceVG + MiniCPM,grefcoco,confidence,置信度路由,0.63,1,0.630604316138729,0.0,0.4610214672603012,0.0,4657.247308361568,683.6161143783166
grefcoco|instancevg|MiniCPM,gRefCOCO / InstanceVG + MiniCPM,grefcoco,confidence,置信度路由,0.64,1,0.6244221989053682,0.0,0.4916484700677764,0.0,4966.143363466687,727.9466206162738
grefcoco|instancevg|MiniCPM,gRefCOCO / InstanceVG + MiniCPM,grefcoco,confidence,置信度路由,0.65,1,0.6187788900547316,0.0,0.5209426310864078,0.0,5261.596719877418,770.347928897579
grefcoco|instancevg|MiniCPM,gRefCOCO / InstanceVG + MiniCPM,grefcoco,confidence,置信度路由,0.66,1,0.6118310977511839,0.0,0.5529308340186598,0.0,5584.221488542766,816.6486798572232
grefcoco|instancevg|MiniCPM,gRefCOCO / InstanceVG + MiniCPM,grefcoco,confidence,置信度路由,0.67,1,0.6045146470805093,0.0,0.5888041289737118,0.0,5946.030293827928,868.5728376266821
grefcoco|instancevg|MiniCPM,gRefCOCO / InstanceVG + MiniCPM,grefcoco,confidence,置信度路由,0.68,1,0.5983608881830814,0.0,0.6175027649377535,0.0,6235.47733805606,910.1121638422494
grefcoco|instancevg|MiniCPM,gRefCOCO / InstanceVG + MiniCPM,grefcoco,confidence,置信度路由,0.69,1,0.5925474293168477,0.0,0.6421461588633979,0.0,6484.024256469345,945.7818026577909
grefcoco|instancevg|MiniCPM,gRefCOCO / InstanceVG + MiniCPM,grefcoco,confidence,置信度路由,0.7,1,0.5877548705441965,0.0,0.665910444375124,0.0,6723.704714041652,980.1789917572427
grefcoco|instancevg|MiniCPM,gRefCOCO / InstanceVG + MiniCPM,grefcoco,confidence,置信度路由,0.71,1,0.5829339534356124,0.0,0.6838612710206166,0.0,6904.7521241171535,1006.1615940244899
grefcoco|instancevg|MiniCPM,gRefCOCO / InstanceVG + MiniCPM,grefcoco,confidence,置信度路由,0.72,1,0.5779996029832969,0.0,0.7029464311034228,0.0,7097.240128826176,1033.7860668931426
grefcoco|instancevg|MiniCPM,gRefCOCO / InstanceVG + MiniCPM,grefcoco,confidence,置信度路由,0.73,1,0.5745966026713553,0.0,0.7180614241556306,0.0,7249.68605231787,1055.6639926568753
grefcoco|instancevg|MiniCPM,gRefCOCO / InstanceVG + MiniCPM,grefcoco,confidence,置信度路由,0.74,1,0.5710234523438165,0.0,0.7352465757309361,0.0,7423.011061015743,1080.5383322681735
grefcoco|instancevg|MiniCPM,gRefCOCO / InstanceVG + MiniCPM,grefcoco,confidence,置信度路由,0.75,1,0.567762243711539,0.0,0.7478093185491875,0.0,7549.715646582009,1098.722049178743
grefcoco|instancevg|MiniCPM,gRefCOCO / InstanceVG + MiniCPM,grefcoco,confidence,置信度路由,0.76,1,0.565153276805717,0.0,0.759804894648782,0.0,7670.699934831514,1116.0848307886095
grefcoco|instancevg|MiniCPM,gRefCOCO / InstanceVG + MiniCPM,grefcoco,confidence,置信度路由,0.77,1,0.5620622181890367,0.0,0.7729064458497575,0.0,7802.838802848705,1135.0484362348468
grefcoco|instancevg|MiniCPM,gRefCOCO / InstanceVG + MiniCPM,grefcoco,confidence,置信度路由,0.78,1,0.5588860845645578,0.0,0.7855259053398747,0.0,7930.115418146647,1153.3142466754864
grefcoco|instancevg|MiniCPM,gRefCOCO / InstanceVG + MiniCPM,grefcoco,confidence,置信度路由,0.79,1,0.5562771176587358,0.0,0.7964722230099538,0.0,8040.517156360144,1169.1582979790526
grefcoco|instancevg|MiniCPM,gRefCOCO / InstanceVG + MiniCPM,grefcoco,confidence,置信度路由,0.8,1,0.5536114340810481,0.0,0.8082125740861527,0.0,8158.927310817107,1186.1516587036028
grefcoco|instancevg|MiniCPM,gRefCOCO / InstanceVG + MiniCPM,grefcoco,confidence,置信度路由,0.81,1,0.5504920171284349,0.0,0.8197544168108215,0.0,8275.335361213203,1202.857692072907
grefcoco|instancevg|MiniCPM,gRefCOCO / InstanceVG + MiniCPM,grefcoco,confidence,置信度路由,0.82,1,0.5469188668008961,0.0,0.8333380597226555,0.0,8412.33648194964,1222.5190925247418
grefcoco|instancevg|MiniCPM,gRefCOCO / InstanceVG + MiniCPM,grefcoco,confidence,置信度路由,0.83,1,0.5450188582933954,0.0,0.8426112355726966,0.0,8505.86334307869,1235.9413846912344
grefcoco|instancevg|MiniCPM,gRefCOCO / InstanceVG + MiniCPM,grefcoco,confidence,置信度路由,0.84,1,0.5423531747157077,0.0,0.8529903865241187,0.0,8610.544783975425,1250.9645006940975
grefcoco|instancevg|MiniCPM,gRefCOCO / InstanceVG + MiniCPM,grefcoco,confidence,置信度路由,0.85,1,0.5395456994583557,0.0,0.8635396874911381,0.0,8716.94231406719,1266.2338972871717
grefcoco|instancevg|MiniCPM,gRefCOCO / InstanceVG + MiniCPM,grefcoco,confidence,置信度路由,0.86,1,0.5378725576383178,0.0,0.8710262881774098,0.0,8792.450238648442,1277.07024325645
grefcoco|instancevg|MiniCPM,gRefCOCO / InstanceVG + MiniCPM,grefcoco,confidence,置信度路由,0.87,1,0.535774040779287,0.0,0.8809517057539064,0.0,8892.555441691766,1291.436611018751
grefcoco|instancevg|MiniCPM,gRefCOCO / InstanceVG + MiniCPM,grefcoco,confidence,置信度路由,0.88,1,0.5330516405297338,0.0,0.8913024983693957,0.0,8996.950867722664,1306.4186802565791
grefcoco|instancevg|MiniCPM,gRefCOCO / InstanceVG + MiniCPM,grefcoco,confidence,置信度路由,0.89,1,0.5304710319598446,0.0,0.900915974250631,0.0,9093.90990724177,1320.3335336034934
grefcoco|instancevg|MiniCPM,gRefCOCO / InstanceVG + MiniCPM,grefcoco,confidence,置信度路由,0.9,1,0.5277486317102913,0.0,0.910954825170859,0.0,9195.15916974845,1334.864088425935
grefcoco|instancevg|MiniCPM,gRefCOCO / InstanceVG + MiniCPM,grefcoco,confidence,置信度路由,0.91,1,0.5245724980858123,0.0,0.921901142840938,0.0,9305.560907961944,1350.708139729501
grefcoco|instancevg|MiniCPM,gRefCOCO / InstanceVG + MiniCPM,grefcoco,confidence,置信度路由,0.92,1,0.5217366644925275,0.0,0.9303235686129938,0.0,9390.507323115853,1362.8990289449393
grefcoco|instancevg|MiniCPM,gRefCOCO / InstanceVG + MiniCPM,grefcoco,confidence,置信度路由,0.93,1,0.5187306808836457,0.0,0.9393698777755721,0.0,9481.746065318199,1375.9929469911506
grefcoco|instancevg|MiniCPM,gRefCOCO / InstanceVG + MiniCPM,grefcoco,confidence,置信度路由,0.94,1,0.515526188923234,0.0,0.9490117119927403,0.0,9578.991119703143,1389.9488471031002
grefcoco|instancevg|MiniCPM,gRefCOCO / InstanceVG + MiniCPM,grefcoco,confidence,置信度路由,0.95,1,0.5122366219550237,0.0,0.9587953378895726,0.0,9677.66624841728,1404.1099810402252
grefcoco|instancevg|MiniCPM,gRefCOCO / InstanceVG + MiniCPM,grefcoco,confidence,置信度路由,0.96,1,0.5097694467288659,0.0,0.9673595553412926,0.0,9764.042737900378,1416.5061040808393
grefcoco|instancevg|MiniCPM,gRefCOCO / InstanceVG + MiniCPM,grefcoco,confidence,置信度路由,0.97,1,0.5075574965261038,0.0,0.9746192893401016,0.0,9837.262543554925,1427.0140759298365
grefcoco|instancevg|MiniCPM,gRefCOCO / InstanceVG + MiniCPM,grefcoco,confidence,置信度路由,0.98,1,0.5046365879250205,0.0,0.9830984317840229,0.0,9922.780988440509,1439.287058675345
grefcoco|instancevg|MiniCPM,gRefCOCO / InstanceVG + MiniCPM,grefcoco,confidence,置信度路由,0.99,1,0.5019425460114001,0.0,0.9908118991577575,0.0,10000.577031948465,1450.4517787649047
grefcoco|instancevg|MiniCPM,gRefCOCO / InstanceVG + MiniCPM,grefcoco,confidence,置信度路由,1.0,1,0.5000708958398321,0.0,1.0,0.0,10093.24584848,1463.7509306362917
construction|yolo26x|Qwen3.8,Construction / YOLO26x + Qwen3.8,construction,both,两项同时改,0.0,3,0.18129624718318374,2.7755575615628914e-17,0.0,0.0,194.418697728,31.79686254823173
construction|yolo26x|Qwen3.8,Construction / YOLO26x + Qwen3.8,construction,both,两项同时改,0.01,3,0.1834834493716783,0.0012311365629078506,0.01187305814469596,0.0025254786233335643,1318.8138164976065,62.665281079596
construction|yolo26x|Qwen3.8,Construction / YOLO26x + Qwen3.8,construction,both,两项同时改,0.02,3,0.18516926468318548,0.0015624361327920705,0.02041722148246782,0.004089109137303213,2127.957967387884,84.87900282646561
construction|yolo26x|Qwen3.8,Construction / YOLO26x + Qwen3.8,construction,both,两项同时改,0.03,3,0.18663764287485787,0.0018019747907258071,0.03151353750554816,0.0009545411969643387,3178.7945269856473,113.72799210811446
construction|yolo26x|Qwen3.8,Construction / YOLO26x + Qwen3.8,construction,both,两项同时改,0.04,3,0.18706369336710219,0.0011714382116068973,0.03817132711939636,0.00041518612813736623,3809.296462744305,131.03738567710377
construction|yolo26x|Qwen3.8,Construction / YOLO26x + Qwen3.8,construction,both,两项同时改,0.05,3,0.19244312207391248,0.0014149660525805208,0.04804704837993786,0.0025254786233335656,4744.541000786314,156.71298613777122
construction|yolo26x|Qwen3.8,Construction / YOLO26x + Qwen3.8,construction,both,两项同时改,0.06,3,0.19381392328321423,0.003949261489595185,0.059698180204172224,0.006387855288337441,5847.9193883639655,187.00442488350254
construction|yolo26x|Qwen3.8,Construction / YOLO26x + Qwen3.8,construction,both,两项同时改,0.07,3,0.19647974599905252,0.002543160302569749,0.06924101198402131,0.002052068576221363,6751.638829618042,211.81455566572055
construction|yolo26x|Qwen3.8,Construction / YOLO26x + Qwen3.8,construction,both,两项同时改,0.08,3,0.20111251826239193,0.0016692561651361969,0.08843763870395027,0.003932544417813882,8569.58607772217,261.723307122973
construction|yolo26x|Qwen3.8,Construction / YOLO26x + Qwen3.8,construction,both,两项同时改,0.09,3,0.20211540664478245,0.0014043232403395474,0.09565024411895251,0.0015455379801580266,9252.629841460719,280.47515015604483
construction|yolo26x|Qwen3.8,Construction / YOLO26x + Qwen3.8,construction,both,两项同时改,0.1,3,0.2058996264309502,0.000756529123691676,0.10707944962272525,0.0037002512207130658,10334.991497846413,310.1896091161431
construction|yolo26x|Qwen3.8,Construction / YOLO26x + Qwen3.8,construction,both,两项同时改,0.11,3,0.2097488558515801,0.0014923128238356481,0.11873058144695962,0.004940042008333793,11438.369885424067,340.4810478618744
construction|yolo26x|Qwen3.8,Construction / YOLO26x + Qwen3.8,construction,both,两项同时改,0.12,3,0.21357479992379627,0.002043397662673137,0.1318242343541944,0.0034056833673375042,12678.357025749425,374.52285521422004
construction|yolo26x|Qwen3.8,Construction / YOLO26x + Qwen3.8,construction,both,两项同时改,0.13,3,0.21757582639483944,0.0005091408775510048,0.13903683976919665,0.0037102204832002903,13361.400789487974,393.27469824729184
construction|yolo26x|Qwen3.8,Construction / YOLO26x + Qwen3.8,construction,both,两项同时改,0.14,3,0.2208265597787713,0.0022365367656948204,0.1484687083888149,0.002940000288391433,14254.61186514607,417.7963391366933
construction|yolo26x|Qwen3.8,Construction / YOLO26x + Qwen3.8,construction,both,两项同时改,0.15,3,0.22299694778849402,0.0017828789549076917,0.1553484243231247,0.0034201142937022692,14906.130532096682,435.68271249131556
construction|yolo26x|Qwen3.8,Construction / YOLO26x + Qwen3.8,construction,both,两项同时改,0.16,3,0.2255777502717166,0.0014946748752493809,0.16533510874389704,0.0020580600300700597,15851.883435734671,461.6468028447996
construction|yolo26x|Qwen3.8,Construction / YOLO26x + Qwen3.8,construction,both,两项同时改,0.17,3,0.22875870242149624,0.0029675820167744103,0.17587660896582336,0.0005658033193067903,16850.178167352547,489.053342662366
construction|yolo26x|Qwen3.8,Construction / YOLO26x + Qwen3.8,construction,both,两项同时改,0.18,3,0.23119107161987315,0.0037577528930060286,0.18519751442521085,0.0012844914450499617,17732.880877414667,513.286493658951
construction|yolo26x|Qwen3.8,Construction / YOLO26x + Qwen3.8,construction,both,两项同时改,0.19,3,0.23272355305340456,0.003899840382608578,0.19485130936529074,0.0014969748738606365,18647.10868426472,538.3851143339855
construction|yolo26x|Qwen3.8,Construction / YOLO26x + Qwen3.8,construction,both,两项同时改,0.2,3,0.23435202613894154,0.00439571270563422,0.2049489569462938,0.0024662794907781742,19603.36995349868,564.6376945802858
construction|yolo26x|Qwen3.8,Construction / YOLO26x + Qwen3.8,construction,both,两项同时改,0.21,3,0.2390742822705132,0.007755915980427258,0.2177097203728362,0.007778509617541884,20811.83199703611,597.814032254182
construction|yolo26x|Qwen3.8,Construction / YOLO26x + Qwen3.8,construction,both,两项同时改,0.22,3,0.24247271253490546,0.007731319003581467,0.22614292055037724,0.00997311303534013,21610.46778233041,619.7392641082351
construction|yolo26x|Qwen3.8,Construction / YOLO26x + Qwen3.8,construction,both,两项同时改,0.23,3,0.24464526821569152,0.007707556599008443,0.23424323124722593,0.009003756225078026,22377.57847083678,640.7990262838389
construction|yolo26x|Qwen3.8,Construction / YOLO26x + Qwen3.8,construction,both,两项同时改,0.24,3,0.24994120439814113,0.0057830070708975645,0.25233022636484687,0.008981849243163802,24090.442062981132,687.8228788129264
construction|yolo26x|Qwen3.8,Construction / YOLO26x + Qwen3.8,construction,both,两项同时改,0.25,3,0.25617136079673564,0.0020077364088740926,0.26498002663115844,0.008293336414138841,25288.39574092258,720.7107265940061
construction|yolo26x|Qwen3.8,Construction / YOLO26x + Qwen3.8,construction,both,两项同时改,0.26,3,0.2574242353399269,0.002315956397572623,0.2714158899245451,0.011021719966124286,25897.880945489287,737.4431403773626
construction|yolo26x|Qwen3.8,Construction / YOLO26x + Qwen3.8,construction,both,两项同时改,0.27,3,0.26032390146245593,0.002379685300559487,0.2817354638260097,0.00953379561651602,26875.158945915202,764.2727004092958
construction|yolo26x|Qwen3.8,Construction / YOLO26x + Qwen3.8,construction,both,两项同时改,0.28,3,0.2628052136572033,0.001830304310467188,0.2939414114513981,0.007625034417492007,28031.079161472742,796.0065886191096
construction|yolo26x|Qwen3.8,Construction / YOLO26x + Qwen3.8,construction,both,两项同时改,0.29,3,0.26385315219544514,0.002608335850383775,0.300821127385708,0.008974992345269047,28682.59782842336,813.8929619737321
construction|yolo26x|Qwen3.8,Construction / YOLO26x + Qwen3.8,construction,both,两项同时改,0.3,3,0.26634968880720944,0.001741898001346996,0.3129161118508655,0.007778509617541895,29828.009678384915,845.3383602907292
construction|yolo26x|Qwen3.8,Construction / YOLO26x + Qwen3.8,construction,both,两项同时改,0.31,3,0.2690146179614465,0.0012560400241288774,0.3235685752330226,0.003805243719370242,30836.81277559877,873.033390001112
construction|yolo26x|Qwen3.8,Construction / YOLO26x + Qwen3.8,construction,both,两项同时改,0.32,3,0.2724482524370387,0.001967022198843412,0.3308921438082557,0.004540007222698347,31530.3649049333,892.0737229270005
construction|yolo26x|Qwen3.8,Construction / YOLO26x + Qwen3.8,construction,both,两项同时改,0.33,3,0.2785792932806596,0.003228203810863451,0.34309809143364406,0.0069527075889128055,32686.285120490837,923.8076111368141
construction|yolo26x|Qwen3.8,Construction / YOLO26x + Qwen3.8,construction,both,两项同时改,0.34,3,0.280240582539615,0.003751257110681198,0.35286284953395475,0.00124555838441209,33611.021292936864,949.1947217046651
construction|yolo26x|Qwen3.8,Construction / YOLO26x + Qwen3.8,construction,both,两项同时改,0.35,3,0.28366301748133643,0.002918594811022553,0.3615179760319574,0.0009415536367330725,34430.67380942312,971.6969333443511
construction|yolo26x|Qwen3.8,Construction / YOLO26x + Qwen3.8,construction,both,两项同时改,0.36,3,0.28804573870453565,0.003850453698457738,0.3707279183311141,0.00433467043600191,35302.86815388926,995.6415944481198
construction|yolo26x|Qwen3.8,Construction / YOLO26x + Qwen3.8,construction,both,两项同时改,0.37,3,0.2918619157168322,0.003446497810500408,0.37893919218819355,0.00416074861501391,36080.48720799161,1016.98984651654
construction|yolo26x|Qwen3.8,Construction / YOLO26x + Qwen3.8,construction,both,两项同时改,0.38,3,0.2924785593949612,0.0035256332780609946,0.383710608078118,0.006271136773610646,36532.34692861864,1029.3949119076487
construction|yolo26x|Qwen3.8,Construction / YOLO26x + Qwen3.8,construction,both,两项同时改,0.39,3,0.2940271449000534,0.004408540165257409,0.3965823346648913,0.007756316962850123,37751.31733775205,1062.8597394743615
construction|yolo26x|Qwen3.8,Construction / YOLO26x + Qwen3.8,construction,both,两项同时改,0.4,3,0.29720887304775023,0.0016301503743588201,0.4050155348424323,0.0030550155121917685,38549.95312304635,1084.7849713284147
construction|yolo26x|Qwen3.8,Construction / YOLO26x + Qwen3.8,construction,both,两项同时改,0.41,3,0.29763961568174857,0.0019073673088544577,0.41344873501997337,0.002122850251854073,39348.58890834065,1106.7102031824677
construction|yolo26x|Qwen3.8,Construction / YOLO26x + Qwen3.8,construction,both,两项同时改,0.42,3,0.2997354669008654,0.001493745228754507,0.42532179316466934,0.004402315673519171,40472.98402711026,1137.578621713832
construction|yolo26x|Qwen3.8,Construction / YOLO26x + Qwen3.8,construction,both,两项同时改,0.43,3,0.2990037319893076,0.0015550709692697656,0.43153573013759433,0.003866234218860266,41061.452500485,1153.7340557115554
construction|yolo26x|Qwen3.8,Construction / YOLO26x + Qwen3.8,construction,both,两项同时改,0.44,3,0.30076478793578976,0.001539412121817168,0.438526409232135,0.0036902550262573925,41723.4795330316,1171.9089189589943
construction|yolo26x|Qwen3.8,Construction / YOLO26x + Qwen3.8,construction,both,两项同时改,0.45,3,0.2997684358624232,0.0008510987206140805,0.44795827785175324,0.0005658033193067849,42616.69060868969,1196.4305598483957
construction|yolo26x|Qwen3.8,Construction / YOLO26x + Qwen3.8,construction,both,两项同时改,0.46,3,0.3001253059883045,0.0011488907279669142,0.4539502885042166,0.0021969584857105553,43184.142350872484,1212.009014060486
construction|yolo26x|Qwen3.8,Construction / YOLO26x + Qwen3.8,construction,both,两项同时改,0.47,3,0.30082512975049697,0.0029890971348924835,0.4629383044829117,0.005258764141621297,44035.31996414667,1235.3766953786217
construction|yolo26x|Qwen3.8,Construction / YOLO26x + Qwen3.8,construction,both,两项同时改,0.48,3,0.300731861770386,0.0023331902978894745,0.47203728362183756,0.005898816626720836,44897.00594301684,1259.0328665895736
construction|yolo26x|Qwen3.8,Construction / YOLO26x + Qwen3.8,construction,both,两项同时改,0.49,3,0.30024162465381776,0.002588021422925145,0.4823568575233022,0.004058886186900106,45874.28394344275,1285.862426621507
construction|yolo26x|Qwen3.8,Construction / YOLO26x + Qwen3.8,construction,both,两项同时改,0.5,3,0.29980106360416753,0.002221016752728669,0.49511762094984463,0.00440231567351916,47082.74598698018,1319.038764295403
construction|yolo26x|Qwen3.8,Construction / YOLO26x + Qwen3.8,construction,both,两项同时改,0.51,3,0.300001834137088,0.0018514239054487809,0.5088770528184642,0.0023116585281846283,48385.783320881405,1354.8115110046476
construction|yolo26x|Qwen3.8,Construction / YOLO26x + Qwen3.8,construction,both,两项同时改,0.52,3,0.3002467938073421,0.0006176309726740444,0.5199733688415445,0.0025928365391806253,49436.61988047917,1383.6605002862966
construction|yolo26x|Qwen3.8,Construction / YOLO26x + Qwen3.8,construction,both,两项同时改,0.53,3,0.2997991298687485,0.0008969949407747574,0.5315135375055481,0.004726040709952734,50529.48990246084,1413.6634491392113
construction|yolo26x|Qwen3.8,Construction / YOLO26x + Qwen3.8,construction,both,两项同时改,0.54,3,0.3007437474424171,0.003838910143448746,0.5430537061695517,0.00441906519124274,51622.35992444252,1443.6663979921263
construction|yolo26x|Qwen3.8,Construction / YOLO26x + Qwen3.8,construction,both,两项同时改,0.55,3,0.30024301841980733,0.0035732909218718816,0.5548158011540169,0.003588762012604599,52736.246677616145,1474.246326630674
construction|yolo26x|Qwen3.8,Construction / YOLO26x + Qwen3.8,construction,both,两项同时改,0.56,3,0.2997639514216622,0.0038812246830032806,0.5624722592099423,0.00611607358167803,53461.3239037386,1494.1521292350117
construction|yolo26x|Qwen3.8,Construction / YOLO26x + Qwen3.8,construction,both,两项同时改,0.57,3,0.29853753336894806,0.0035064754246926957,0.5763426542387927,0.004932558981556364,54774.86960323581,1530.2133658370728
construction|yolo26x|Qwen3.8,Construction / YOLO26x + Qwen3.8,construction,both,两项同时改,0.58,3,0.29866536548639894,0.0030097879435426163,0.5889924545051043,0.0060309268715939696,55972.82328117726,1563.1012136181525
construction|yolo26x|Qwen3.8,Construction / YOLO26x + Qwen3.8,construction,both,两项同时改,0.59,3,0.2979213023866331,0.0028219662091492214,0.6000887705281847,0.008082811296704103,57023.65984077502,1591.9502028998013
construction|yolo26x|Qwen3.8,Construction / YOLO26x + Qwen3.8,construction,both,两项同时改,0.6,3,0.296181514312352,0.0030278910707881817,0.6119618286728806,0.009198571582806334,58148.05495954463,1622.8186214311656
construction|yolo26x|Qwen3.8,Construction / YOLO26x + Qwen3.8,construction,both,两项同时改,0.61,3,0.295425969846723,0.0024041729399304087,0.624167776298269,0.007338684315928307,59303.975175102176,1654.5525096409795
construction|yolo26x|Qwen3.8,Construction / YOLO26x + Qwen3.8,construction,both,两项同时改,0.62,3,0.2960016708262807,0.0011822362382635915,0.6344873501997337,0.001438246937063454,60281.25317552809,1681.3820696729128
construction|yolo26x|Qwen3.8,Construction / YOLO26x + Qwen3.8,construction,both,两项同时改,0.63,3,0.2956470818737702,0.0016490449406111047,0.6456946293830449,0.003710220483200315,61342.598100721836,1710.5195488473782
construction|yolo26x|Qwen3.8,Construction / YOLO26x + Qwen3.8,construction,both,两项同时改,0.64,3,0.29404411164987093,0.0016104093348727044,0.6541278295605859,0.004219519161524997,62141.23388601613,1732.4447807014312
construction|yolo26x|Qwen3.8,Construction / YOLO26x + Qwen3.8,construction,both,两项同时改,0.65,3,0.2930877570799049,0.0017077002503879724,0.6640035508211274,0.006176174012461514,63076.478424058136,1758.1203811620987
construction|yolo26x|Qwen3.8,Construction / YOLO26x + Qwen3.8,construction,both,两项同时改,0.66,3,0.2931103060052791,0.0023825255128999425,0.6742121615623612,0.006910074335082253,64043.24805888807,1784.6614513012153
construction|yolo26x|Qwen3.8,Construction / YOLO26x + Qwen3.8,construction,both,两项同时改,0.67,3,0.2911080923222205,0.0021816454930482197,0.6840878828229028,0.010861927513107179,64978.49259693009,1810.337051761883
construction|yolo26x|Qwen3.8,Construction / YOLO26x + Qwen3.8,construction,both,两项同时改,0.68,3,0.29092854977655214,0.0013345094998848492,0.6919662671992898,0.007365480148813142,65724.5865542445,1830.8198341518537
construction|yolo26x|Qwen3.8,Construction / YOLO26x + Qwen3.8,construction,both,两项同时改,0.69,3,0.2896057055401419,0.0019433334937609774,0.7003994673768309,0.009132746712628604,66523.22233953881,1852.745066005907
construction|yolo26x|Qwen3.8,Construction / YOLO26x + Qwen3.8,construction,both,两项同时改,0.7,3,0.28901527116547426,0.001802837339194139,0.7075011096316023,0.0065534057080485555,67195.75773768137,1871.2084191461622
construction|yolo26x|Qwen3.8,Construction / YOLO26x + Qwen3.8,construction,both,两项同时改,0.71,3,0.28835089710053935,0.0021525756584588945,0.7126054150022192,0.006984511754041831,67679.14255509635,1884.4789542157205
construction|yolo26x|Qwen3.8,Construction / YOLO26x + Qwen3.8,construction,both,两项同时改,0.72,3,0.2889521855225583,0.001324148010058386,0.7203728362183756,0.006144193608480728,68414.72814681478,1904.673246712875
construction|yolo26x|Qwen3.8,Construction / YOLO26x + Qwen3.8,construction,both,两项同时改,0.73,3,0.2893751337558484,0.0011370340700424628,0.7332445628051487,0.007223693208504127,69633.69855594818,1938.1380742795875
construction|yolo26x|Qwen3.8,Construction / YOLO26x + Qwen3.8,construction,both,两项同时改,0.74,3,0.2893596502813577,0.001299151835177392,0.7395694629383045,0.007203210105245204,70232.67539491892,1954.5819981701275
construction|yolo26x|Qwen3.8,Construction / YOLO26x + Qwen3.8,construction,both,两项同时改,0.75,3,0.28788636673929996,0.0011284209510194398,0.7496671105193076,0.005429263125932131,71188.93666415288,1980.8345784164278
construction|yolo26x|Qwen3.8,Construction / YOLO26x + Qwen3.8,construction,both,两项同时改,0.76,3,0.28837566257562763,0.001277295112344517,0.757878384376387,0.00464722405489835,71966.55571825521,2002.1828304848477
construction|yolo26x|Qwen3.8,Construction / YOLO26x + Qwen3.8,construction,both,两项同时改,0.77,3,0.2867700993449886,0.0027059959624612722,0.770861074123391,0.0023116585281846105,73196.0344929846,2035.9361479443771
construction|yolo26x|Qwen3.8,Construction / YOLO26x + Qwen3.8,construction,both,两项同时改,0.78,3,0.2887400928282857,0.0019716435845878837,0.7779627163781625,0.004104137152442735,73868.56989112718,2054.3995010846324
construction|yolo26x|Qwen3.8,Construction / YOLO26x + Qwen3.8,construction,both,两项同时改,0.79,3,0.28928209765123375,0.00225110075102362,0.7877274744784731,0.007274648647618171,74793.3060635732,2079.7866116524833
construction|yolo26x|Qwen3.8,Construction / YOLO26x + Qwen3.8,construction,both,两项同时改,0.8,3,0.28985471644589866,0.004827324933946651,0.7950510430537062,0.007455205074230275,75486.85819290773,2098.8269445783717
construction|yolo26x|Qwen3.8,Construction / YOLO26x + Qwen3.8,construction,both,两项同时改,0.81,3,0.2886876082446482,0.005146306163708364,0.8039280958721703,0.008248676227272878,76327.52744058592,2121.9061360036903
construction|yolo26x|Qwen3.8,Construction / YOLO26x + Qwen3.8,construction,both,两项同时改,0.82,3,0.28743690856703363,0.005693203323036328,0.8125832223701731,0.0059611078644311085,77147.17995707219,2144.4083476433766
construction|yolo26x|Qwen3.8,Construction / YOLO26x + Qwen3.8,construction,both,两项同时改,0.83,3,0.28644382983111544,0.005806966387956601,0.8249001331557922,0.00222480444471411,78313.6085382257,2176.430725746007
construction|yolo26x|Qwen3.8,Construction / YOLO26x + Qwen3.8,construction,both,两项同时改,0.84,3,0.28480770451609944,0.005177287421963846,0.8373280071016422,0.0005658033193067777,79490.5454849752,2208.7415937414535
construction|yolo26x|Qwen3.8,Construction / YOLO26x + Qwen3.8,construction,both,两项同时改,0.85,3,0.2831555945783542,0.004881627617365338,0.8462050599201065,0.002940000288391392,80331.21473265342,2231.8207851667726
construction|yolo26x|Qwen3.8,Construction / YOLO26x + Qwen3.8,construction,both,两项同时改,0.86,3,0.2817864618218226,0.005205046028156837,0.8584110075454948,0.007073847070798583,81487.13494821095,2263.5546733765864
construction|yolo26x|Qwen3.8,Construction / YOLO26x + Qwen3.8,construction,both,两项同时改,0.87,3,0.28077685358886717,0.003976619583586016,0.8698402130492676,0.007237316404403161,82569.49660459664,2293.269132336685
construction|yolo26x|Qwen3.8,Construction / YOLO26x + Qwen3.8,construction,both,两项同时改,0.88,3,0.2807792209572976,0.0047050100149973245,0.8802707501109631,0.0045182585600315826,83557.28297061854,2320.3871822614346
construction|yolo26x|Qwen3.8,Construction / YOLO26x + Qwen3.8,construction,both,两项同时改,0.89,3,0.2797249967658659,0.003993909763816949,0.891034176653351,0.004160748615013883,84576.59443342837,2348.370701864634
construction|yolo26x|Qwen3.8,Construction / YOLO26x + Qwen3.8,construction,both,两项同时改,0.9,3,0.2808861418053256,0.0034796247435544114,0.9010208610741234,0.004623317056369212,85522.34733706636,2374.334792218118
construction|yolo26x|Qwen3.8,Construction / YOLO26x + Qwen3.8,construction,both,两项同时改,0.91,3,0.28060995842168185,0.00195870708983316,0.9079005770084332,0.005572516435636824,86173.86600401698,2392.22116557274
construction|yolo26x|Qwen3.8,Construction / YOLO26x + Qwen3.8,construction,both,两项同时改,0.92,3,0.27872311422141527,0.001933219388154891,0.9185530403905903,0.005981727462025553,87182.66910123083,2419.916195283123
construction|yolo26x|Qwen3.8,Construction / YOLO26x + Qwen3.8,construction,both,两项同时改,0.93,3,0.2776252989388338,0.00209501538736219,0.9297603195739015,0.006010476060342179,88244.01402642457,2449.053674457589
construction|yolo26x|Qwen3.8,Construction / YOLO26x + Qwen3.8,construction,both,两项同时改,0.94,3,0.27702282067436085,0.002048066268398205,0.9395250776742121,0.0029815865163214566,89168.75019887059,2474.4407850254393
construction|yolo26x|Qwen3.8,Construction / YOLO26x + Qwen3.8,construction,both,两项同时改,0.95,3,0.2764570604735362,0.001106373667494808,0.9451841988459831,0.0013680457174809137,89704.67684426546,2489.1537695590805
construction|yolo26x|Qwen3.8,Construction / YOLO26x + Qwen3.8,construction,both,两项同时改,0.96,3,0.27465070840546985,9.533193830567857e-05,0.957723035952064,0.006120098638765064,90892.12215661095,2521.753127447344
construction|yolo26x|Qwen3.8,Construction / YOLO26x + Qwen3.8,construction,both,两项同时改,0.97,3,0.2736502964972301,0.00033280989483324634,0.9670439414114513,0.0019026218596851095,91774.82486667305,2545.9862784439288
construction|yolo26x|Qwen3.8,Construction / YOLO26x + Qwen3.8,construction,both,两项同时改,0.98,3,0.27212054745108016,0.00047581600622207385,0.9783621837549935,0.002718031228121553,92846.67815746278,2575.412247511211
construction|yolo26x|Qwen3.8,Construction / YOLO26x + Qwen3.8,construction,both,两项同时改,0.99,3,0.27239176103160984,0.0005578690368974412,0.9862405681313805,0.0023116585281845767,93592.7721147772,2595.8950299011817
construction|yolo26x|Qwen3.8,Construction / YOLO26x + Qwen3.8,construction,both,两项同时改,1.0,3,0.27001009067886245,0.0,1.0,0.0,94895.80944867841,2631.667776610426
construction|yolo26x|Qwen3.8,Construction / YOLO26x + Qwen3.8,construction,original,原方法,0.0,3,0.18129624718318374,2.7755575615628914e-17,0.0,0.0,194.418697728,31.79686254823173
construction|yolo26x|Qwen3.8,Construction / YOLO26x + Qwen3.8,construction,original,原方法,0.01,3,0.18300903853620068,0.000992883110506064,0.010319573901464712,0.0032954377285658006,1171.6966981539194,58.626422580165155
construction|yolo26x|Qwen3.8,Construction / YOLO26x + Qwen3.8,construction,original,原方法,0.02,3,0.1863051480658938,0.0010484972619040074,0.016977363515312916,0.003339972690477677,1802.1986339125776,75.93581614915446
construction|yolo26x|Qwen3.8,Construction / YOLO26x + Qwen3.8,construction,original,原方法,0.03,3,0.18984164754521382,0.0011730932549335858,0.026742121615623615,0.003979232373954973,2726.9348063586094,101.32292671700546
construction|yolo26x|Qwen3.8,Construction / YOLO26x + Qwen3.8,construction,original,原方法,0.04,3,0.1923009691917478,0.0012207053006872883,0.03650687971593431,0.004834225679270296,3651.6709788046405,126.71003728485644
construction|yolo26x|Qwen3.8,Construction / YOLO26x + Qwen3.8,construction,original,原方法,0.05,3,0.19493527207894204,0.0032238119689520237,0.049822458943630715,0.011397380483895993,4912.674850321956,161.32882442283505
construction|yolo26x|Qwen3.8,Construction / YOLO26x + Qwen3.8,construction,original,原方法,0.06,3,0.19653781676071322,0.0037018743838214347,0.05670217487794052,0.01068477862158076,5564.193517272569,179.21519777745732
construction|yolo26x|Qwen3.8,Construction / YOLO26x + Qwen3.8,construction,original,原方法,0.07,3,0.19845342291677406,0.002558550208561758,0.07012871726586772,0.007921246470295046,6835.705754385861,214.1224748082524
construction|yolo26x|Qwen3.8,Construction / YOLO26x + Qwen3.8,construction,original,原方法,0.08,3,0.1996517807186753,0.00326377452572563,0.08055925432756324,0.005616533837036735,7823.492120407758,241.24052473300233
construction|yolo26x|Qwen3.8,Construction / YOLO26x + Qwen3.8,construction,original,原方法,0.09,3,0.20131030497544633,0.003862950889574192,0.0883266755437195,0.007612105142539945,8559.077712126194,261.43481723015657
construction|yolo26x|Qwen3.8,Construction / YOLO26x + Qwen3.8,construction,original,原方法,0.1,3,0.20346296196880112,0.004110692938093332,0.09576120727918332,0.006259345218007303,9263.138207056696,280.76364004886125
construction|yolo26x|Qwen3.8,Construction / YOLO26x + Qwen3.8,construction,original,原方法,0.11,3,0.20570676605778512,0.0038511319162046987,0.10497114957833999,0.007177524025209153,10135.332551522839,304.7083011526298
construction|yolo26x|Qwen3.8,Construction / YOLO26x + Qwen3.8,construction,original,原方法,0.12,3,0.2070376175899661,0.0032282329917381024,0.11562361296049711,0.004558952193558395,11144.135648736692,332.4033308630127
construction|yolo26x|Qwen3.8,Construction / YOLO26x + Qwen3.8,construction,original,原方法,0.13,3,0.20882521553556344,0.004240270628896633,0.125277407900577,0.003321489025098921,12058.363455586745,357.5019515380472
construction|yolo26x|Qwen3.8,Construction / YOLO26x + Qwen3.8,construction,original,原方法,0.14,3,0.2104535116001729,0.003047249002743018,0.13792720816688858,0.004089109137303215,13256.317133528195,390.38979931912684
construction|yolo26x|Qwen3.8,Construction / YOLO26x + Qwen3.8,construction,original,原方法,0.15,3,0.21628026754255258,0.0012410430113859144,0.1513537505548158,0.0037002512207130593,14527.82937064149,425.297076349922
construction|yolo26x|Qwen3.8,Construction / YOLO26x + Qwen3.8,construction,original,原方法,0.16,3,0.21953898964292348,0.0026751029505782367,0.1615623612960497,0.006200051062893467,15494.59900547143,451.83814648903893
construction|yolo26x|Qwen3.8,Construction / YOLO26x + Qwen3.8,construction,original,原方法,0.17,3,0.22275747006798005,0.0018712171302913713,0.1767643142476698,0.0032954377285657993,16934.24509212037,491.36126180489794
construction|yolo26x|Qwen3.8,Construction / YOLO26x + Qwen3.8,construction,original,原方法,0.18,3,0.22506270243381263,0.0016242401220143224,0.1870838881491345,0.004374257289042843,17911.523092546286,518.1908218368312
construction|yolo26x|Qwen3.8,Construction / YOLO26x + Qwen3.8,construction,original,原方法,0.19,3,0.2279934806251012,0.0034383753330345097,0.19773635153129163,0.0037760096598254663,18920.32618976014,545.8858515472142
construction|yolo26x|Qwen3.8,Construction / YOLO26x + Qwen3.8,construction,original,原方法,0.2,3,0.23281283097861405,0.0029141009403282343,0.21116289391921883,0.002829016596533941,20191.838426873433,580.7931285780093
construction|yolo26x|Qwen3.8,Construction / YOLO26x + Qwen3.8,construction,original,原方法,0.21,3,0.2346923902449591,0.004269125091948503,0.21704394141145142,0.003834254891959823,20748.781803460246,596.0830928972832
construction|yolo26x|Qwen3.8,Construction / YOLO26x + Qwen3.8,construction,original,原方法,0.22,3,0.23677784454531806,0.0038297567611664286,0.22625388371060806,0.0038852954727056407,21620.976147926387,620.0277540010517
construction|yolo26x|Qwen3.8,Construction / YOLO26x + Qwen3.8,construction,original,原方法,0.23,3,0.24022916831367214,0.0033764440693607152,0.23679538393253438,0.0035369235353992913,22619.270879544263,647.434293818618
construction|yolo26x|Qwen3.8,Construction / YOLO26x + Qwen3.8,construction,original,原方法,0.24,3,0.2427389920879772,0.002567039306571362,0.24522858411007545,0.0013947852962690268,23417.906664838563,669.3595256726712
construction|yolo26x|Qwen3.8,Construction / YOLO26x + Qwen3.8,construction,original,原方法,0.25,3,0.24461408052105227,0.0022654085644492608,0.2533288948069241,0.0017823322685540256,24185.01735334493,690.419287848275
construction|yolo26x|Qwen3.8,Construction / YOLO26x + Qwen3.8,construction,original,原方法,0.26,3,0.24875717867839975,0.0012150962427443486,0.2663115845539281,0.001087212491248644,25414.496128074315,724.1726053078041
construction|yolo26x|Qwen3.8,Construction / YOLO26x + Qwen3.8,construction,original,原方法,0.27,3,0.25108136960988475,0.001884551609379602,0.27774079005770086,0.000565803319306803,26496.85778446001,753.8870642679024
construction|yolo26x|Qwen3.8,Construction / YOLO26x + Qwen3.8,construction,original,原方法,0.28,3,0.25617362028487206,0.002583411595586948,0.28750554815801155,0.003505452507530237,27421.593956906043,779.2741748357533
construction|yolo26x|Qwen3.8,Construction / YOLO26x + Qwen3.8,construction,original,原方法,0.29,3,0.2586135395304076,0.0021069512821710393,0.2999334221038615,0.0030630656328988486,28598.530903655534,811.5850428312
construction|yolo26x|Qwen3.8,Construction / YOLO26x + Qwen3.8,construction,original,原方法,0.3,3,0.26281783580408685,0.003646149962582769,0.3118064802485575,0.006282906199241932,29722.926022425145,842.4534613625644
construction|yolo26x|Qwen3.8,Construction / YOLO26x + Qwen3.8,construction,original,原方法,0.31,3,0.2659933335809095,0.0005472898637729304,0.32146027518863735,0.0030910759603160498,30637.153829275194,867.5520820375988
construction|yolo26x|Qwen3.8,Construction / YOLO26x + Qwen3.8,construction,original,原方法,0.32,3,0.26795817858559673,0.000877323726982746,0.3276742121615624,0.002525478623333576,31225.622302649947,883.7075160353222
construction|yolo26x|Qwen3.8,Construction / YOLO26x + Qwen3.8,construction,original,原方法,0.33,3,0.2697964580656605,0.00109146610981483,0.33732800710164224,0.0008303722562747448,32139.850109499996,908.8061367103567
construction|yolo26x|Qwen3.8,Construction / YOLO26x + Qwen3.8,construction,original,原方法,0.34,3,0.2766676309946044,0.0038824825596419704,0.35153129161118507,0.0036768844930716396,33484.920905785126,945.7328429908672
construction|yolo26x|Qwen3.8,Construction / YOLO26x + Qwen3.8,construction,original,原方法,0.35,3,0.27948418600108166,0.004511307928265581,0.3626276076342654,0.0025833215106131385,34535.75746538289,974.581832272516
construction|yolo26x|Qwen3.8,Construction / YOLO26x + Qwen3.8,construction,original,原方法,0.36,3,0.28193304237414524,0.005383147607894484,0.37006213936972926,0.004368623986912911,35239.8179603134,993.9106550912207
construction|yolo26x|Qwen3.8,Construction / YOLO26x + Qwen3.8,construction,original,原方法,0.37,3,0.28457928152218565,0.004320314330230671,0.3801597869507323,0.0036567370291353883,36196.07922954736,1020.1632353375211
construction|yolo26x|Qwen3.8,Construction / YOLO26x + Qwen3.8,construction,original,原方法,0.38,3,0.28754612977164984,0.0031303927363197253,0.39092321349312026,0.0014969748738606341,37215.390692357185,1048.1467549407205
construction|yolo26x|Qwen3.8,Construction / YOLO26x + Qwen3.8,construction,original,原方法,0.39,3,0.29211408749364837,0.0012621062792047405,0.4020195295162006,0.0012256281643572137,38266.22725195495,1076.9957442223695
construction|yolo26x|Qwen3.8,Construction / YOLO26x + Qwen3.8,construction,original,原方法,0.4,3,0.29533548537843374,0.00299091721268992,0.4090102086107413,0.000565803319306803,38928.25428450155,1095.1706074698084
construction|yolo26x|Qwen3.8,Construction / YOLO26x + Qwen3.8,construction,original,原方法,0.41,3,0.2976678659864959,0.0024569192378858322,0.413115845539281,0.0016533138510598571,39317.06381155272,1105.8447335040184
construction|yolo26x|Qwen3.8,Construction / YOLO26x + Qwen3.8,construction,original,原方法,0.42,3,0.29926803271898383,0.0016044579796451672,0.4177762982689747,0.0009800000961304744,39758.41516658378,1117.9613090023108
construction|yolo26x|Qwen3.8,Construction / YOLO26x + Qwen3.8,construction,original,原方法,0.43,3,0.30127482256635135,0.0014336142909526564,0.427208166888593,0.0017474495947651613,40651.62624224187,1142.4829498917122
construction|yolo26x|Qwen3.8,Construction / YOLO26x + Qwen3.8,construction,original,原方法,0.44,3,0.3021047906767967,0.0003143158714052115,0.43586329338659563,0.00031385121224435753,41471.27875872813,1164.9851615313983
construction|yolo26x|Qwen3.8,Construction / YOLO26x + Qwen3.8,construction,original,原方法,0.45,3,0.30240862593775775,0.00030672094867666285,0.44462938304482913,0.002075930640686835,42301.439640810364,1187.775863063901
construction|yolo26x|Qwen3.8,Construction / YOLO26x + Qwen3.8,construction,original,原方法,0.46,3,0.3008577463264692,0.0015321281332227141,0.45528184642698627,0.0010290300150350249,43310.242738024215,1215.470892774284
construction|yolo26x|Qwen3.8,Construction / YOLO26x + Qwen3.8,construction,original,原方法,0.47,3,0.3007178428135277,0.001611341013705818,0.4620505992010653,0.0015133357408994423,43951.253039378855,1233.06877623609
construction|yolo26x|Qwen3.8,Construction / YOLO26x + Qwen3.8,construction,original,原方法,0.48,3,0.29962982001813376,0.0008195800307813963,0.46881935197514424,0.0018501256103565405,44592.26334073349,1250.6666596978955
construction|yolo26x|Qwen3.8,Construction / YOLO26x + Qwen3.8,construction,original,原方法,0.49,3,0.30052237095071205,0.0018602790035998225,0.48102529960053264,0.0016974099579203656,45748.18355629103,1282.4005479077093
construction|yolo26x|Qwen3.8,Construction / YOLO26x + Qwen3.8,construction,original,原方法,0.5,3,0.29849806777867033,0.0015269090065487179,0.4957833999112295,0.00518804692745715,47145.796180556055,1320.7697036523023
construction|yolo26x|Qwen3.8,Construction / YOLO26x + Qwen3.8,construction,original,原方法,0.51,3,0.29827759512733504,0.00160137319563178,0.5075454948956947,0.0009545411969643582,48259.68293372968,1351.3496322908502
construction|yolo26x|Qwen3.8,Construction / YOLO26x + Qwen3.8,construction,original,原方法,0.52,3,0.29763241873670115,0.00010078147354254689,0.5186418109187749,0.001245558384412085,49310.51949332744,1380.1986215724987
construction|yolo26x|Qwen3.8,Construction / YOLO26x + Qwen3.8,construction,original,原方法,0.53,3,0.29801476087234113,0.0011742841718185815,0.534398579671549,0.0036701809606172545,50802.707407956266,1421.16418635244
construction|yolo26x|Qwen3.8,Construction / YOLO26x + Qwen3.8,construction,original,原方法,0.54,3,0.2979694068577388,0.001202989512666543,0.5444962272525521,0.00015692560612219186,51758.96867719023,1447.4167665987404
construction|yolo26x|Qwen3.8,Construction / YOLO26x + Qwen3.8,construction,original,原方法,0.55,3,0.2977270437091987,0.0012574341467251767,0.5544829116733245,0.0016607445125494896,52704.72158082822,1473.3808569522248
construction|yolo26x|Qwen3.8,Construction / YOLO26x + Qwen3.8,construction,original,原方法,0.56,3,0.29609515932266106,0.00043402663006813217,0.563138038171327,0.004468937098447037,53524.37409731446,1495.8830685919104
construction|yolo26x|Qwen3.8,Construction / YOLO26x + Qwen3.8,construction,original,原方法,0.57,3,0.2949258133108787,0.00032069248798376903,0.5781180648024855,0.0033546862977876166,54943.003452771445,1534.8292041221364
construction|yolo26x|Qwen3.8,Construction / YOLO26x + Qwen3.8,construction,original,原方法,0.58,3,0.29574963421908845,0.0014111706990447396,0.5896582334664892,0.001496974873860648,56035.87347475313,1564.8321529750515
construction|yolo26x|Qwen3.8,Construction / YOLO26x + Qwen3.8,construction,original,原方法,0.59,3,0.29622362807340946,0.0010731007721218823,0.6001997336884154,0.004490924621581925,57034.168206370996,1592.2386927926177
construction|yolo26x|Qwen3.8,Construction / YOLO26x + Qwen3.8,construction,original,原方法,0.6,3,0.29525164414394867,0.0018070223722285175,0.609520639147803,0.0031345865272582123,57916.87091643312,1616.471843789203
construction|yolo26x|Qwen3.8,Construction / YOLO26x + Qwen3.8,construction,original,原方法,0.61,3,0.2946903258163905,0.0011178432101274494,0.6233910341766533,0.0018097543753106938,59230.41661593032,1652.5330803912639
construction|yolo26x|Qwen3.8,Construction / YOLO26x + Qwen3.8,construction,original,原方法,0.62,3,0.29352857709136265,0.001563132670522377,0.634820239680426,0.0034056833673375146,60312.77827231601,1682.247539351362
construction|yolo26x|Qwen3.8,Construction / YOLO26x + Qwen3.8,construction,original,原方法,0.63,3,0.29314010821341197,0.0010629859658179415,0.6443630714602752,0.006468305211624347,61216.4977135701,1707.0576701335801
construction|yolo26x|Qwen3.8,Construction / YOLO26x + Qwen3.8,construction,original,原方法,0.64,3,0.29135756898718546,0.0018490687911767016,0.6543497558810475,0.005505830550401814,62162.25061720808,1733.0217604870643
construction|yolo26x|Qwen3.8,Construction / YOLO26x + Qwen3.8,construction,original,原方法,0.65,3,0.29002854350984486,0.0014350769484040525,0.6655570350643586,0.0041250843975679415,63223.59554240182,1762.1592396615295
construction|yolo26x|Qwen3.8,Construction / YOLO26x + Qwen3.8,construction,original,原方法,0.66,3,0.29051736842744474,0.002613056805357834,0.6766533510874391,0.004526426554454301,64274.4321019996,1791.0082289431787
construction|yolo26x|Qwen3.8,Construction / YOLO26x + Qwen3.8,construction,original,原方法,0.67,3,0.2897036098368808,0.002773767083577822,0.6845317354638261,0.007380510052514833,65020.526059314005,1811.4910113331491
construction|yolo26x|Qwen3.8,Construction / YOLO26x + Qwen3.8,construction,original,原方法,0.68,3,0.2885789653876438,0.0023913071877969057,0.6974034620505991,0.00498964206744721,66239.4964684474,1844.9558388998614
construction|yolo26x|Qwen3.8,Construction / YOLO26x + Qwen3.8,construction,original,原方法,0.69,3,0.2894905448762066,0.0036888322640739215,0.7076120727918331,0.002906302896961553,67206.26610327736,1871.4969090389789
construction|yolo26x|Qwen3.8,Construction / YOLO26x + Qwen3.8,construction,original,原方法,0.7,3,0.2899145779502814,0.004586119846080865,0.7148246782068353,0.0014969748738606341,67889.3098670159,1890.2487520720504
construction|yolo26x|Qwen3.8,Construction / YOLO26x + Qwen3.8,construction,original,原方法,0.71,3,0.28784978500457364,0.004735495702149088,0.727474478473147,0.0016607445125494896,69087.26354495736,1923.1365998531303
construction|yolo26x|Qwen3.8,Construction / YOLO26x + Qwen3.8,construction,original,原方法,0.72,3,0.287461816607299,0.003191611555537852,0.7354638260097648,0.0006277024244887674,69843.86586786775,1943.9078721359174
construction|yolo26x|Qwen3.8,Construction / YOLO26x + Qwen3.8,construction,original,原方法,0.73,3,0.28597281154624166,0.0016500495088830277,0.7446737683089214,0.0023222868992960636,70716.06021233388,1967.8525332396857
construction|yolo26x|Qwen3.8,Construction / YOLO26x + Qwen3.8,construction,original,原方法,0.74,3,0.28630420585088484,0.0031615309093860314,0.7581003106968486,0.0049325589815563155,71987.57244944717,2002.7598102704808
construction|yolo26x|Qwen3.8,Construction / YOLO26x + Qwen3.8,construction,original,原方法,0.75,3,0.28532383356176916,0.0029913445567370696,0.7654238792720817,0.006553405708048556,72681.1245787817,2021.8001431963692
construction|yolo26x|Qwen3.8,Construction / YOLO26x + Qwen3.8,construction,original,原方法,0.76,3,0.28488007994545494,0.0022731942118462767,0.7760763426542386,0.009016055510773158,73689.92767599554,2049.4951729067516
construction|yolo26x|Qwen3.8,Construction / YOLO26x + Qwen3.8,construction,original,原方法,0.77,3,0.28404447541777583,0.0014287448901881493,0.7891699955614736,0.002003492020114048,74929.91481632092,2083.5369802590976
construction|yolo26x|Qwen3.8,Construction / YOLO26x + Qwen3.8,construction,original,原方法,0.78,3,0.28340097339207143,0.0008750672685543647,0.7986018641810918,0.002837707912237987,75823.125891979,2108.0586211484992
construction|yolo26x|Qwen3.8,Construction / YOLO26x + Qwen3.8,construction,original,原方法,0.79,3,0.28179742094153154,0.0005289088741643894,0.8048158011540169,0.001368045717480914,76411.59436535375,2124.2140551462226
construction|yolo26x|Qwen3.8,Construction / YOLO26x + Qwen3.8,construction,original,原方法,0.8,3,0.28013367081884827,0.0007247353638171571,0.8124722592099424,0.0023116585281846105,77136.67159147622,2144.1198577505606
construction|yolo26x|Qwen3.8,Construction / YOLO26x + Qwen3.8,construction,original,原方法,0.81,3,0.2781888539103711,8.025423339638847e-05,0.8191300488237904,0.0005658033193067777,77767.17352723486,2161.429251319549
construction|yolo26x|Qwen3.8,Construction / YOLO26x + Qwen3.8,construction,original,原方法,0.82,3,0.27770839725276386,0.0002773807579299807,0.8262316910785619,0.0011847623448769545,78439.70892537743,2179.8926044598047
construction|yolo26x|Qwen3.8,Construction / YOLO26x + Qwen3.8,construction,original,原方法,0.83,3,0.2773234169518653,0.0005471202130380938,0.8369951176209498,0.005651500922435365,79459.02038818727,2207.876124063004
construction|yolo26x|Qwen3.8,Construction / YOLO26x + Qwen3.8,construction,original,原方法,0.84,3,0.27742453433880515,0.0003494196082334972,0.8468708388814914,0.003676884493071685,80394.26492622928,2233.551724523672
construction|yolo26x|Qwen3.8,Construction / YOLO26x + Qwen3.8,construction,original,原方法,0.85,3,0.27697393267513615,0.00034541476375886957,0.8579671549045716,0.0035054525075302184,81445.10148582704,2262.4007138053203
construction|yolo26x|Qwen3.8,Construction / YOLO26x + Qwen3.8,construction,original,原方法,0.86,3,0.27658947811127477,0.00024441240230851225,0.8669551708832667,0.003856668263866561,82296.27909910123,2285.768395123456
construction|yolo26x|Qwen3.8,Construction / YOLO26x + Qwen3.8,construction,original,原方法,0.87,3,0.2761395782158422,9.707962667947815e-05,0.8754993342210385,0.0021573704055951725,83105.42324999151,2307.9821168703256
construction|yolo26x|Qwen3.8,Construction / YOLO26x + Qwen3.8,construction,original,原方法,0.88,3,0.27576917838734344,1.2278371232447543e-05,0.8841544607190412,0.0016533138510598272,83925.07576647776,2330.484328510012
construction|yolo26x|Qwen3.8,Construction / YOLO26x + Qwen3.8,construction,original,原方法,0.89,3,0.2746915354514406,0.0003353981100208156,0.9009098979138926,0.005598968402815291,85511.8389714704,2374.046302325302
construction|yolo26x|Qwen3.8,Construction / YOLO26x + Qwen3.8,construction,original,原方法,0.9,3,0.27479930216523635,0.0014741533261943386,0.9128939192188193,0.003960623235147524,86646.74245583596,2405.2032107494824
construction|yolo26x|Qwen3.8,Construction / YOLO26x + Qwen3.8,construction,original,原方法,0.91,3,0.2747705463699966,0.0015181309875469695,0.9196626719928984,0.0013407729664441483,87287.75275719061,2422.8010942112883
construction|yolo26x|Qwen3.8,Construction / YOLO26x + Qwen3.8,construction,original,原方法,0.92,3,0.2749000202760476,0.0006634607327990483,0.9282068353306702,0.0006840228587404539,88096.89690808087,2445.0148159581577
construction|yolo26x|Qwen3.8,Construction / YOLO26x + Qwen3.8,construction,original,原方法,0.93,3,0.27363351631012667,0.00047104825594728914,0.9390812250332891,0.0009415536367330988,89126.7167364867,2473.286825454174
construction|yolo26x|Qwen3.8,Construction / YOLO26x + Qwen3.8,construction,original,原方法,0.94,3,0.2731463916013074,0.0003553599231972337,0.9459609409675988,0.0015455379801579937,89778.2354034373,2491.173198808796
construction|yolo26x|Qwen3.8,Construction / YOLO26x + Qwen3.8,construction,original,原方法,0.95,3,0.2722572862405767,0.0010281933856878484,0.9542831779849091,0.003941926246855662,90566.36282313564,2512.809940770033
construction|yolo26x|Qwen3.8,Construction / YOLO26x + Qwen3.8,construction,original,原方法,0.96,3,0.2716243010726274,0.0011175756892329853,0.9620505992010653,0.003595617342658609,91301.94841485407,2533.004233267187
construction|yolo26x|Qwen3.8,Construction / YOLO26x + Qwen3.8,construction,original,原方法,0.97,3,0.2714097002752531,0.0015154316158404004,0.9725920994229916,0.006055376675384957,92300.24314647194,2560.410773084753
construction|yolo26x|Qwen3.8,Construction / YOLO26x + Qwen3.8,construction,original,原方法,0.98,3,0.2713742683212467,0.0019811518016786263,0.9816910785619175,0.005707865579055362,93161.92912534211,2584.0669442957055
construction|yolo26x|Qwen3.8,Construction / YOLO26x + Qwen3.8,construction,original,原方法,0.99,3,0.27053969734098926,0.0014164533171887024,0.9897913892587661,0.0027895705925380728,93929.03981384847,2605.126706471309
construction|yolo26x|Qwen3.8,Construction / YOLO26x + Qwen3.8,construction,original,原方法,1.0,3,0.27001009067886245,0.0,1.0,0.0,94895.80944867841,2631.667776610426
construction|yolo26x|Qwen3.8,Construction / YOLO26x + Qwen3.8,construction,confidence,置信度路由,0.0,1,0.18129624718318377,0.0,0.0,0.0,194.418697728,31.79686254823173
construction|yolo26x|Qwen3.8,Construction / YOLO26x + Qwen3.8,construction,confidence,置信度路由,0.01,1,0.18129624718318377,0.0,0.0,0.0,194.418697728,31.79686254823173
construction|yolo26x|Qwen3.8,Construction / YOLO26x + Qwen3.8,construction,confidence,置信度路由,0.02,1,0.18129624718318377,0.0,0.0,0.0,194.418697728,31.79686254823173
construction|yolo26x|Qwen3.8,Construction / YOLO26x + Qwen3.8,construction,confidence,置信度路由,0.03,1,0.18129624718318377,0.0,0.0,0.0,194.418697728,31.79686254823173
construction|yolo26x|Qwen3.8,Construction / YOLO26x + Qwen3.8,construction,confidence,置信度路由,0.04,1,0.18129624718318377,0.0,0.0,0.0,194.418697728,31.79686254823173
construction|yolo26x|Qwen3.8,Construction / YOLO26x + Qwen3.8,construction,confidence,置信度路由,0.05,1,0.18129624718318377,0.0,0.0,0.0,194.418697728,31.79686254823173
construction|yolo26x|Qwen3.8,Construction / YOLO26x + Qwen3.8,construction,confidence,置信度路由,0.06,1,0.18129624718318377,0.0,0.0,0.0,194.418697728,31.79686254823173
construction|yolo26x|Qwen3.8,Construction / YOLO26x + Qwen3.8,construction,confidence,置信度路由,0.07,1,0.18129624718318377,0.0,0.0,0.0,194.418697728,31.79686254823173
construction|yolo26x|Qwen3.8,Construction / YOLO26x + Qwen3.8,construction,confidence,置信度路由,0.08,1,0.18129624718318377,0.0,0.0,0.0,194.418697728,31.79686254823173
construction|yolo26x|Qwen3.8,Construction / YOLO26x + Qwen3.8,construction,confidence,置信度路由,0.09,1,0.18129624718318377,0.0,0.0,0.0,194.418697728,31.79686254823173
construction|yolo26x|Qwen3.8,Construction / YOLO26x + Qwen3.8,construction,confidence,置信度路由,0.1,1,0.18129624718318377,0.0,0.0,0.0,194.418697728,31.79686254823173
construction|yolo26x|Qwen3.8,Construction / YOLO26x + Qwen3.8,construction,confidence,置信度路由,0.11,1,0.18129624718318377,0.0,0.0,0.0,194.418697728,31.79686254823173
construction|yolo26x|Qwen3.8,Construction / YOLO26x + Qwen3.8,construction,confidence,置信度路由,0.12,1,0.18129624718318377,0.0,0.0,0.0,194.418697728,31.79686254823173
construction|yolo26x|Qwen3.8,Construction / YOLO26x + Qwen3.8,construction,confidence,置信度路由,0.13,1,0.18129624718318377,0.0,0.0,0.0,194.418697728,31.79686254823173
construction|yolo26x|Qwen3.8,Construction / YOLO26x + Qwen3.8,construction,confidence,置信度路由,0.14,1,0.18129624718318377,0.0,0.0,0.0,194.418697728,31.79686254823173
construction|yolo26x|Qwen3.8,Construction / YOLO26x + Qwen3.8,construction,confidence,置信度路由,0.15,1,0.18129624718318377,0.0,0.0,0.0,194.418697728,31.79686254823173
construction|yolo26x|Qwen3.8,Construction / YOLO26x + Qwen3.8,construction,confidence,置信度路由,0.16,1,0.18129624718318377,0.0,0.0,0.0,194.418697728,31.79686254823173
construction|yolo26x|Qwen3.8,Construction / YOLO26x + Qwen3.8,construction,confidence,置信度路由,0.17,1,0.18129624718318377,0.0,0.0,0.0,194.418697728,31.79686254823173
construction|yolo26x|Qwen3.8,Construction / YOLO26x + Qwen3.8,construction,confidence,置信度路由,0.18,1,0.18129624718318377,0.0,0.0,0.0,194.418697728,31.79686254823173
construction|yolo26x|Qwen3.8,Construction / YOLO26x + Qwen3.8,construction,confidence,置信度路由,0.19,1,0.1784481207469488,0.0,0.17942743009320905,0.0,17186.44586642383,498.2850192324936
construction|yolo26x|Qwen3.8,Construction / YOLO26x + Qwen3.8,construction,confidence,置信度路由,0.2,1,0.1780928651788194,0.0,0.19340878828229027,0.0,18510.49993151701,534.6347457273712
construction|yolo26x|Qwen3.8,Construction / YOLO26x + Qwen3.8,construction,confidence,置信度路由,0.21,1,0.17829989216687975,0.0,0.20306258322237017,0.0,19424.727738367063,559.7333664024056
construction|yolo26x|Qwen3.8,Construction / YOLO26x + Qwen3.8,construction,confidence,置信度路由,0.22,1,0.1779854683890517,0.0,0.20838881491344874,0.0,19929.129286973992,573.5808812575971
construction|yolo26x|Qwen3.8,Construction / YOLO26x + Qwen3.8,construction,confidence,置信度路由,0.23,1,0.17917657728013692,0.0,0.21537949400798934,0.0,20591.15631952058,591.7557445050359
construction|yolo26x|Qwen3.8,Construction / YOLO26x + Qwen3.8,construction,confidence,置信度路由,0.24,1,0.17803687432776102,0.0,0.23135818908122505,0.0,22104.360965341362,633.2982890706102
construction|yolo26x|Qwen3.8,Construction / YOLO26x + Qwen3.8,construction,confidence,置信度路由,0.25,1,0.18026802885144627,0.0,0.24800266311584554,0.0,23680.615804738005,676.5717729930834
construction|yolo26x|Qwen3.8,Construction / YOLO26x + Qwen3.8,construction,confidence,置信度路由,0.26,1,0.18119827871024874,0.0,0.2589880159786951,0.0,24720.943998739793,705.1322723819159
construction|yolo26x|Qwen3.8,Construction / YOLO26x + Qwen3.8,construction,confidence,置信度路由,0.27,1,0.17963665085316138,0.0,0.27430093209054596,0.0,26171.098450984704,744.9438775905912
construction|yolo26x|Qwen3.8,Construction / YOLO26x + Qwen3.8,construction,confidence,置信度路由,0.28,1,0.17924095839307458,0.0,0.281624500665779,0.0,26864.65058031923,763.9842105164795
construction|yolo26x|Qwen3.8,Construction / YOLO26x + Qwen3.8,construction,confidence,置信度路由,0.29,1,0.1789157174618718,0.0,0.28761651131824234,0.0,27432.102322502018,779.5626647285699
construction|yolo26x|Qwen3.8,Construction / YOLO26x + Qwen3.8,construction,confidence,置信度路由,0.3,1,0.1787206845800119,0.0,0.2969374167776298,0.0,28314.805032564138,803.7958157251549
construction|yolo26x|Qwen3.8,Construction / YOLO26x + Qwen3.8,construction,confidence,置信度路由,0.31,1,0.17813242189706796,0.0,0.30459387483355527,0.0,29039.882258686597,823.7016183294926
construction|yolo26x|Qwen3.8,Construction / YOLO26x + Qwen3.8,construction,confidence,置信度路由,0.32,1,0.17772000842137498,0.0,0.3129161118508655,0.0,29828.009678384915,845.3383602907292
construction|yolo26x|Qwen3.8,Construction / YOLO26x + Qwen3.8,construction,confidence,置信度路由,0.33,1,0.17791259734473341,0.0,0.31990679094540614,0.0,30490.036710931512,863.5132235381681
construction|yolo26x|Qwen3.8,Construction / YOLO26x + Qwen3.8,construction,confidence,置信度路由,0.34,1,0.1789653934599337,0.0,0.3322237017310253,0.0,31656.465292085024,895.5356016407982
construction|yolo26x|Qwen3.8,Construction / YOLO26x + Qwen3.8,construction,confidence,置信度路由,0.35,1,0.18042682200794885,0.0,0.34054593874833555,0.0,32444.59271178335,917.1723436020349
construction|yolo26x|Qwen3.8,Construction / YOLO26x + Qwen3.8,construction,confidence,置信度路由,0.36,1,0.17962877325912951,0.0,0.3488681757656458,0.0,33232.72013148167,938.8090855632715
construction|yolo26x|Qwen3.8,Construction / YOLO26x + Qwen3.8,construction,confidence,置信度路由,0.37,1,0.18158304685510065,0.0,0.3581890812250333,0.0,34115.42284154379,963.0422365598565
construction|yolo26x|Qwen3.8,Construction / YOLO26x + Qwen3.8,construction,confidence,置信度路由,0.38,1,0.18069239723097547,0.0,0.37017310252996005,0.0,35250.32632590937,994.1991449840373
construction|yolo26x|Qwen3.8,Construction / YOLO26x + Qwen3.8,construction,confidence,置信度路由,0.39,1,0.1812845803851709,0.0,0.37683089214380827,0.0,35880.82826166803,1011.5085385530266
construction|yolo26x|Qwen3.8,Construction / YOLO26x + Qwen3.8,construction,confidence,置信度路由,0.4,1,0.1824781664689562,0.0,0.38348868175765644,0.0,36511.33019742669,1028.817932122016
construction|yolo26x|Qwen3.8,Construction / YOLO26x + Qwen3.8,construction,confidence,置信度路由,0.41,1,0.18220594501399923,0.0,0.4021304926764314,0.0,38276.73561755093,1077.2842341151859
construction|yolo26x|Qwen3.8,Construction / YOLO26x + Qwen3.8,construction,confidence,置信度路由,0.42,1,0.18162498930772586,0.0,0.41311584553928093,0.0,39317.06381155271,1105.8447335040182
construction|yolo26x|Qwen3.8,Construction / YOLO26x + Qwen3.8,construction,confidence,置信度路由,0.43,1,0.18066434967152634,0.0,0.42676431424766975,0.0,40609.592779857965,1141.3289903204463
construction|yolo26x|Qwen3.8,Construction / YOLO26x + Qwen3.8,construction,confidence,置信度路由,0.44,1,0.1803913789289444,0.0,0.4324234354194407,0.0,41145.51942525282,1156.0419748540871
construction|yolo26x|Qwen3.8,Construction / YOLO26x + Qwen3.8,construction,confidence,置信度路由,0.45,1,0.17959468902865128,0.0,0.44107856191744343,0.0,41965.17194173908,1178.5441864937734
construction|yolo26x|Qwen3.8,Construction / YOLO26x + Qwen3.8,construction,confidence,置信度路由,0.46,1,0.17863383514615866,0.0,0.45772303595206393,0.0,43541.42678113572,1221.8176704162468
construction|yolo26x|Qwen3.8,Construction / YOLO26x + Qwen3.8,construction,confidence,置信度路由,0.47,1,0.17957308538379646,0.0,0.4717043941411451,0.0,44865.4808462289,1258.1673969111241
construction|yolo26x|Qwen3.8,Construction / YOLO26x + Qwen3.8,construction,confidence,置信度路由,0.48,1,0.17910245145856155,0.0,0.4826897470039947,0.0,45905.80904023069,1286.7278962999567
construction|yolo26x|Qwen3.8,Construction / YOLO26x + Qwen3.8,construction,confidence,置信度路由,0.49,1,0.17871833907402393,0.0,0.4896804260985353,0.0,46567.83607277728,1304.9027595473954
construction|yolo26x|Qwen3.8,Construction / YOLO26x + Qwen3.8,construction,confidence,置信度路由,0.5,1,0.18015785955296285,0.0,0.5013315579227696,0.0,47671.21446035493,1335.1941982931266
construction|yolo26x|Qwen3.8,Construction / YOLO26x + Qwen3.8,construction,confidence,置信度路由,0.51,1,0.1810878167493375,0.0,0.5116511318242344,0.0,48648.49246078086,1362.02375832506
construction|yolo26x|Qwen3.8,Construction / YOLO26x + Qwen3.8,construction,confidence,置信度路由,0.52,1,0.18177962418520882,0.0,0.5183089214380826,0.0,49278.994396539514,1379.3331518940495
construction|yolo26x|Qwen3.8,Construction / YOLO26x + Qwen3.8,construction,confidence,置信度路由,0.53,1,0.18246323539519374,0.0,0.5252996005326231,0.0,49941.0214290861,1397.5080151414882
construction|yolo26x|Qwen3.8,Construction / YOLO26x + Qwen3.8,construction,confidence,置信度路由,0.54,1,0.1839876166906015,0.0,0.5396138482023968,0.0,51296.60059096721,1434.723211314815
construction|yolo26x|Qwen3.8,Construction / YOLO26x + Qwen3.8,construction,confidence,置信度路由,0.55,1,0.1846674213907964,0.0,0.5452729693741678,0.0,51832.527236362075,1449.4361958484562
construction|yolo26x|Qwen3.8,Construction / YOLO26x + Qwen3.8,construction,confidence,置信度路由,0.56,1,0.18676294233791663,0.0,0.559254327563249,0.0,53156.581301455255,1485.7859223433336
construction|yolo26x|Qwen3.8,Construction / YOLO26x + Qwen3.8,construction,confidence,置信度路由,0.57,1,0.18938663221175195,0.0,0.572237017310253,0.0,54386.060076184636,1519.5392398028628
construction|yolo26x|Qwen3.8,Construction / YOLO26x + Qwen3.8,construction,confidence,置信度路由,0.58,1,0.1909571002676625,0.0,0.5862183754993342,0.0,55710.114141277816,1555.8889662977404
construction|yolo26x|Qwen3.8,Construction / YOLO26x + Qwen3.8,construction,confidence,置信度路由,0.59,1,0.1934300101790686,0.0,0.5998668442077231,0.0,57002.64310958307,1591.3732231141685
construction|yolo26x|Qwen3.8,Construction / YOLO26x + Qwen3.8,construction,confidence,置信度路由,0.6,1,0.1973701682130997,0.0,0.6191744340878829,0.0,58831.098723283176,1641.5704644642374
construction|yolo26x|Qwen3.8,Construction / YOLO26x + Qwen3.8,construction,confidence,置信度路由,0.61,1,0.1986727924998457,0.0,0.6264980026631158,0.0,59524.6508526177,1660.6107973901255
construction|yolo26x|Qwen3.8,Construction / YOLO26x + Qwen3.8,construction,confidence,置信度路由,0.62,1,0.20186289191698192,0.0,0.6384820239680427,0.0,60659.55433698329,1691.7677058143065
construction|yolo26x|Qwen3.8,Construction / YOLO26x + Qwen3.8,construction,confidence,置信度路由,0.63,1,0.20246031058520178,0.0,0.6461384820239681,0.0,61384.631563105744,1711.6735084186441
construction|yolo26x|Qwen3.8,Construction / YOLO26x + Qwen3.8,construction,confidence,置信度路由,0.64,1,0.20349944137622245,0.0,0.653462050599201,0.0,62078.18369244026,1730.7138413445323
construction|yolo26x|Qwen3.8,Construction / YOLO26x + Qwen3.8,construction,confidence,置信度路由,0.65,1,0.20442990090722246,0.0,0.6597869507323568,0.0,62677.160531410984,1747.157765235072
construction|yolo26x|Qwen3.8,Construction / YOLO26x + Qwen3.8,construction,confidence,置信度路由,0.66,1,0.2044993942500819,0.0,0.6661118508655126,0.0,63276.13737038171,1763.601689125612
construction|yolo26x|Qwen3.8,Construction / YOLO26x + Qwen3.8,construction,confidence,置信度路由,0.67,1,0.2064379542733177,0.0,0.6734354194407457,0.0,63969.68949971624,1782.6420220515004
construction|yolo26x|Qwen3.8,Construction / YOLO26x + Qwen3.8,construction,confidence,置信度路由,0.68,1,0.2065831206227621,0.0,0.6820905459387483,0.0,64789.342016202485,1805.1442336911862
construction|yolo26x|Qwen3.8,Construction / YOLO26x + Qwen3.8,construction,confidence,置信度路由,0.69,1,0.20802802394105854,0.0,0.6927430093209055,0.0,65798.14511341635,1832.8392634015693
construction|yolo26x|Qwen3.8,Construction / YOLO26x + Qwen3.8,construction,confidence,置信度路由,0.7,1,0.21169680596278434,0.0,0.7090545938748336,0.0,67342.87485602507,1875.2472776455932
construction|yolo26x|Qwen3.8,Construction / YOLO26x + Qwen3.8,construction,confidence,置信度路由,0.71,1,0.2139280527103987,0.0,0.7170439414114514,0.0,68099.47717893546,1896.0185499283803
construction|yolo26x|Qwen3.8,Construction / YOLO26x + Qwen3.8,construction,confidence,置信度路由,0.72,1,0.2146900231025185,0.0,0.7243675099866844,0.0,68793.02930826998,1915.0588828542684
construction|yolo26x|Qwen3.8,Construction / YOLO26x + Qwen3.8,construction,confidence,置信度路由,0.73,1,0.21653561577692484,0.0,0.7330226364846871,0.0,69612.68182475623,1937.5610944939547
construction|yolo26x|Qwen3.8,Construction / YOLO26x + Qwen3.8,construction,confidence,置信度路由,0.74,1,0.21721689648133474,0.0,0.7363515312916112,0.0,69927.93279263556,1946.2157912784494
construction|yolo26x|Qwen3.8,Construction / YOLO26x + Qwen3.8,construction,confidence,置信度路由,0.75,1,0.22103445955201576,0.0,0.7486684420772304,0.0,71094.36137378908,1978.2381693810794
construction|yolo26x|Qwen3.8,Construction / YOLO26x + Qwen3.8,construction,confidence,置信度路由,0.76,1,0.22340134248367294,0.0,0.757323568575233,0.0,71914.01389027532,2000.7403810207654
construction|yolo26x|Qwen3.8,Construction / YOLO26x + Qwen3.8,construction,confidence,置信度路由,0.77,1,0.2269322568854726,0.0,0.7639813581890812,0.0,72544.51582603398,2018.0497745897546
construction|yolo26x|Qwen3.8,Construction / YOLO26x + Qwen3.8,construction,confidence,置信度路由,0.78,1,0.22757452798038888,0.0,0.7733022636484687,0.0,73427.2185360961,2042.2829255863396
construction|yolo26x|Qwen3.8,Construction / YOLO26x + Qwen3.8,construction,confidence,置信度路由,0.79,1,0.227821050912831,0.0,0.784953395472703,0.0,74530.59692367376,2072.574364332071
construction|yolo26x|Qwen3.8,Construction / YOLO26x + Qwen3.8,construction,confidence,置信度路由,0.8,1,0.22991865671924006,0.0,0.7939414114513982,0.0,75381.77453694795,2095.9420456502066
construction|yolo26x|Qwen3.8,Construction / YOLO26x + Qwen3.8,construction,confidence,置信度路由,0.81,1,0.23486191981046528,0.0,0.8039280958721704,0.0,76327.52744058594,2121.906136003691
construction|yolo26x|Qwen3.8,Construction / YOLO26x + Qwen3.8,construction,confidence,置信度路由,0.82,1,0.23803916047544685,0.0,0.8122503328894807,0.0,77115.65486028425,2143.5428779649274
construction|yolo26x|Qwen3.8,Construction / YOLO26x + Qwen3.8,construction,confidence,置信度路由,0.83,1,0.24022947987632814,0.0,0.8215712383488681,0.0,77998.35757034637,2167.776028961512
construction|yolo26x|Qwen3.8,Construction / YOLO26x + Qwen3.8,construction,confidence,置信度路由,0.84,1,0.24528627405740036,0.0,0.8388814913448736,0.0,79637.6626033189,2212.7804522408846
construction|yolo26x|Qwen3.8,Construction / YOLO26x + Qwen3.8,construction,confidence,置信度路由,0.85,1,0.249537136326177,0.0,0.8535286284953395,0.0,81024.76686198794,2250.861118092661
construction|yolo26x|Qwen3.8,Construction / YOLO26x + Qwen3.8,construction,confidence,置信度路由,0.86,1,0.25211074301800224,0.0,0.8638482023968043,0.0,82002.04486241385,2277.6906781245943
construction|yolo26x|Qwen3.8,Construction / YOLO26x + Qwen3.8,construction,confidence,置信度路由,0.87,1,0.2540042317315216,0.0,0.8745006657789614,0.0,83010.8479596277,2305.3857078349774
construction|yolo26x|Qwen3.8,Construction / YOLO26x + Qwen3.8,construction,confidence,置信度路由,0.88,1,0.2540996517958595,0.0,0.8764980026631158,0.0,83199.9985403553,2310.5785259056743
construction|yolo26x|Qwen3.8,Construction / YOLO26x + Qwen3.8,construction,confidence,置信度路由,0.89,1,0.25436194678023316,0.0,0.8841544607190412,0.0,83925.07576647776,2330.484328510012
construction|yolo26x|Qwen3.8,Construction / YOLO26x + Qwen3.8,construction,confidence,置信度路由,0.9,1,0.2534339447803836,0.0,0.8891478029294274,0.0,84397.95221829675,2343.4663736867537
construction|yolo26x|Qwen3.8,Construction / YOLO26x + Qwen3.8,construction,confidence,置信度路由,0.91,1,0.2563240880787248,0.0,0.8981358189081226,0.0,85249.12983157096,2366.8340550048897
construction|yolo26x|Qwen3.8,Construction / YOLO26x + Qwen3.8,construction,confidence,置信度路由,0.92,1,0.25551845731687656,0.0,0.9054593874833555,0.0,85942.68196090547,2385.8743879307776
construction|yolo26x|Qwen3.8,Construction / YOLO26x + Qwen3.8,construction,confidence,置信度路由,0.93,1,0.2597490004762105,0.0,0.9221038615179761,0.0,87518.93680030212,2429.147871853251
construction|yolo26x|Qwen3.8,Construction / YOLO26x + Qwen3.8,construction,confidence,置信度路由,0.94,1,0.26306323674307786,0.0,0.9254327563249002,0.0,87834.18776818145,2437.8025686377455
construction|yolo26x|Qwen3.8,Construction / YOLO26x + Qwen3.8,construction,confidence,置信度路由,0.95,1,0.26218185491449153,0.0,0.9364181091877497,0.0,88874.51596218323,2466.363068026578
construction|yolo26x|Qwen3.8,Construction / YOLO26x + Qwen3.8,construction,confidence,置信度路由,0.96,1,0.26357052137555514,0.0,0.953728362183755,0.0,90513.82099515574,2511.3674913059504
construction|yolo26x|Qwen3.8,Construction / YOLO26x + Qwen3.8,construction,confidence,置信度路由,0.97,1,0.26400290307863034,0.0,0.96271637816245,0.0,91364.99860842993,2534.7351726240854
construction|yolo26x|Qwen3.8,Construction / YOLO26x + Qwen3.8,construction,confidence,置信度路由,0.98,1,0.2647475724296899,0.0,0.9700399467376831,0.0,92058.55073776445,2553.775505549974
construction|yolo26x|Qwen3.8,Construction / YOLO26x + Qwen3.8,construction,confidence,置信度路由,0.99,1,0.2649306125590882,0.0,0.987017310252996,0.0,93666.33067394902,2597.9144591508966
construction|yolo26x|Qwen3.8,Construction / YOLO26x + Qwen3.8,construction,confidence,置信度路由,1.0,1,0.27001009067886245,0.0,1.0,0.0,94895.80944867841,2631.667776610426
