task,expert,endpoint,method,seed,ranking,same_checkpoint_control,validation_score25,test_fixed_score25,test_ranked_score25,validation_metric,test_metric,validation_call,test_call,threshold,operator,nominal_budget
cub,cub,MiniCPM,error,2026,probability,False,0.905,0.6580082844321712,0.7830169140490163,0.9825,0.8065239903348291,0.01,0.05730065585088022,0.16549015045166016,ge,0.01
cub,cub,MiniCPM,error,2027,probability,False,0.9045833333333334,0.6511218501898516,0.7711425612702796,0.98,0.7799447704521919,0.01,0.09458060062133242,0.10670345276594162,ge,0.01
cub,cub,MiniCPM,error,2028,probability,False,0.9044166666666666,0.6622022782188471,0.7806178805661029,0.9825,0.8082499137038316,0.01,0.039868829823955815,0.1944640427827835,ge,0.01
cub,cub,MiniCPM,error,2029,probability,False,0.90425,0.6504832585433207,0.774197445633414,0.9816666666666667,0.782188470831895,0.01,0.1032102174663445,0.08395212143659592,ge,0.01
cub,cub,MiniCPM,error,2030,probability,False,0.9036666666666666,0.6527269589230238,0.7732827062478427,0.9825,0.8015188125647221,0.01,0.05246807041767346,0.19942712783813477,ge,0.01
cub,cub,MiniCPM,four_difference,2026,log_ratio,True,0.9165833333333333,0.6840869865377978,0.7851052813255092,0.9825,0.8094580600621333,0.01,0.035208836727649295,-1.1720302104949951,ge,0.01
cub,cub,MiniCPM,four_difference,2026,probability_difference,False,0.9745,0.80711080428029,0.8094062823610632,0.9866666666666667,0.8139454608215395,0.01,0.013634794615119088,-0.004982936196029186,ge,0.01
cub,cub,MiniCPM,four_difference,2027,log_ratio,True,0.91,0.6659302726958923,0.7853296513634795,0.9816666666666667,0.8073869520193303,0.01,0.04263030721435968,-2.2670059204101562,ge,0.01
cub,cub,MiniCPM,four_difference,2027,probability_difference,False,0.9744999999999999,0.80712806351398,0.8096651708664135,0.9858333333333333,0.81429064549534,0.01,0.006731101139109423,-0.0061280992813408375,ge,0.01
cub,cub,MiniCPM,four_difference,2028,log_ratio,True,0.9084166666666667,0.687141870900932,0.7804798066965827,0.9808333333333333,0.8066965826717294,0.01,0.031239212978943734,-1.4453094005584717,ge,0.01
cub,cub,MiniCPM,four_difference,2028,probability_difference,False,0.9740833333333334,0.8026579219882638,0.8066620642043494,0.9875,0.8130824991370383,0.01,0.019330341732827064,-0.000379358563804999,ge,0.01
cub,cub,MiniCPM,four_difference,2029,log_ratio,True,0.9175,0.6836209872281671,0.7869865377977218,0.985,0.813600276147739,0.01,0.029340697273041078,-1.1837186813354492,ge,0.01
cub,cub,MiniCPM,four_difference,2029,probability_difference,False,0.9736666666666667,0.8081463583016915,0.8094753192958233,0.9858333333333333,0.8137728684846393,0.01,0.013462202278218847,-0.003421929432079196,ge,0.01
cub,cub,MiniCPM,four_difference,2030,log_ratio,True,0.9103333333333333,0.6719019675526408,0.7847083189506386,0.9833333333333333,0.8098032447359337,0.01,0.03348291335864688,-1.2544234991073608,ge,0.01
cub,cub,MiniCPM,four_difference,2030,probability_difference,False,0.9749166666666667,0.8071971004487402,0.8092164307904729,0.9866666666666667,0.8146358301691405,0.01,0.01605108733172247,-0.004842729773372412,ge,0.01
cub,cub,MiniCPM,four_ratio,2026,log_ratio,False,0.9430833333333333,0.736434242319641,0.8000862961684501,0.9858333333333333,0.8139454608215395,0.01,0.04953400069036935,-2.668729066848755,ge,0.01
cub,cub,MiniCPM,four_ratio,2026,probability_difference,True,0.97125,0.807852951328961,0.8067138419054194,0.985,0.81429064549534,0.01,0.008802209181912324,-0.019993318244814873,ge,0.01
cub,cub,MiniCPM,four_ratio,2027,log_ratio,False,0.95025,0.7628926475664481,0.790093199861926,0.9841666666666666,0.8084225060407317,0.01,0.041767345529858474,-3.035402297973633,ge,0.01
cub,cub,MiniCPM,four_ratio,2027,probability_difference,True,0.9720833333333334,0.8029858474283742,0.8040386606834656,0.9866666666666667,0.8123921297894373,0.01,0.023990334829133587,-2.745852454915862e-14,ge,0.01
cub,cub,MiniCPM,four_ratio,2028,log_ratio,False,0.9560833333333333,0.7569036934760097,0.7904729030031066,0.9833333333333333,0.8066965826717294,0.01,0.05350362443907491,-3.7635207176208496,ge,0.01
cub,cub,MiniCPM,four_ratio,2028,probability_difference,True,0.9708333333333333,0.8005695547117708,0.8029340697273042,0.9858333333333333,0.8130824991370383,0.01,0.027269589230238176,-3.485907396072463e-11,ge,0.01
cub,cub,MiniCPM,four_ratio,2029,log_ratio,False,0.9623333333333334,0.7808767690714532,0.7983258543320677,0.9858333333333333,0.8132550914739386,0.01,0.031066620642043494,-1.9326815605163574,ge,0.01
cub,cub,MiniCPM,four_ratio,2029,probability_difference,True,0.973,0.8036244390749051,0.8048671039005868,0.9858333333333333,0.8139454608215395,0.01,0.022782188470831896,-2.99900972111633e-11,ge,0.01
cub,cub,MiniCPM,four_ratio,2030,log_ratio,False,0.9343333333333333,0.71425612702796,0.7994994822229893,0.9858333333333333,0.8149810148429409,0.01,0.04659993096306524,-1.5429136753082275,ge,0.01
cub,cub,MiniCPM,four_ratio,2030,probability_difference,True,0.9726666666666667,0.809250949257853,0.8090956161546428,0.9858333333333333,0.8149810148429409,0.01,0.015188125647221263,-0.015334374271333218,ge,0.01
cub,cub,MiniCPM,gain,2026,regression,False,0.97375,0.8086813945460822,0.8095098377632034,0.9858333333333333,0.8146358301691405,0.01,0.013289609941318605,0.06945275515317917,ge,0.01
cub,cub,MiniCPM,gain,2027,regression,False,0.9740833333333333,0.8012254055919917,0.8041076976182258,0.9858333333333333,0.8117017604418364,0.01,0.021919226786330688,0.20536428689956665,ge,0.01
cub,cub,MiniCPM,gain,2028,regression,False,0.9730833333333333,0.8073179150845703,0.8087504314808422,0.9858333333333333,0.8149810148429409,0.01,0.026924404556437694,0.02451162599027157,ge,0.01
cub,cub,MiniCPM,gain,2029,regression,False,0.974,0.8055574732481878,0.8084225060407317,0.9858333333333333,0.813600276147739,0.01,0.037625129444252677,0.06620025634765625,ge,0.01
cub,cub,MiniCPM,gain,2030,regression,False,0.97375,0.8062133241284087,0.808526061442872,0.9858333333333333,0.8149810148429409,0.01,0.02347255781843286,0.18179216980934143,ge,0.01
cub,cub,MiniCPM,route,2026,probability,False,0.9069166666666666,0.688488091128754,0.779306178805661,0.9808333333333333,0.8084225060407317,0.01,0.03348291335864688,0.09526840597391129,ge,0.01
cub,cub,MiniCPM,route,2027,probability,False,0.9094166666666667,0.6993614083534692,0.7795823265447014,0.9816666666666667,0.809285467725233,0.01,0.02537107352433552,0.06959006190299988,ge,0.01
cub,cub,MiniCPM,route,2028,probability,False,0.9061666666666667,0.6632896099413186,0.7816879530548844,0.9825,0.8104936140835347,0.01,0.027096996893337937,0.005073598586022854,ge,0.01
cub,cub,MiniCPM,route,2029,probability,False,0.9093333333333334,0.6923886779426994,0.779271660338281,0.98,0.803589920607525,0.01,0.03676216775975147,0.08050795644521713,ge,0.01
cub,cub,MiniCPM,route,2030,probability,False,0.9065,0.6734380393510528,0.7793579565067311,0.9825,0.8087676907145323,0.01,0.026406627545736968,0.10346683859825134,ge,0.01
cub,cub,Qwen3.8,error,2026,probability,False,0.9205833333333333,0.7482740766309977,0.794356230583362,0.9808333333333333,0.808595098377632,0.01,0.03158439765274422,0.5351537466049194,ge,0.01
cub,cub,Qwen3.8,error,2027,probability,False,0.9194166666666667,0.749206075250259,0.7945288229202624,0.98,0.8073869520193303,0.01,0.04297549188816017,0.4191480576992035,ge,0.01
cub,cub,Qwen3.8,error,2028,probability,False,0.9189166666666666,0.7391957197100449,0.8024853296513634,0.9808333333333333,0.8146358301691405,0.01,0.039868829823955815,0.1944640427827835,ge,0.01
cub,cub,Qwen3.8,error,2029,probability,False,0.9214166666666667,0.7472385226095962,0.7931480842250604,0.98,0.803589920607525,0.01,0.06748360372799447,0.10496433079242706,ge,0.01
cub,cub,Qwen3.8,error,2030,probability,False,0.9175,0.7434242319641009,0.7960476354849845,0.9808333333333333,0.8066965826717294,0.01,0.05298584742837418,0.3316056728363037,ge,0.01
cub,cub,Qwen3.8,four_difference,2026,log_ratio,True,0.9197500000000001,0.7397652744218157,0.797186744908526,0.9825,0.8104936140835347,0.01,0.032274767000345185,-2.029417037963867,ge,0.01
cub,cub,Qwen3.8,four_difference,2026,probability_difference,False,0.9836666666666667,0.8131515360717985,0.8127545736969278,0.9858333333333333,0.8144632378322403,0.01,0.009492578529513289,-0.001442005392163992,ge,0.01
cub,cub,Qwen3.8,four_difference,2027,log_ratio,True,0.9186666666666666,0.7403693476009665,0.8032447359337246,0.9791666666666666,0.8144632378322403,0.01,0.030031066620642043,-2.2460412979125977,ge,0.01
cub,cub,Qwen3.8,four_difference,2027,probability_difference,False,0.9831666666666666,0.812806351397998,0.811477390403866,0.9858333333333333,0.8141180531584398,0.01,0.006731101139109423,-0.008533324114978313,ge,0.01
cub,cub,Qwen3.8,four_difference,2028,log_ratio,True,0.9118333333333334,0.7356230583362099,0.7940800828443217,0.98,0.8120469451156369,0.01,0.02847773558853987,-2.7140793800354004,ge,0.01
cub,cub,Qwen3.8,four_difference,2028,probability_difference,False,0.9839166666666667,0.8128753883327581,0.811460131170176,0.9858333333333333,0.81429064549534,0.01,0.008111839834311357,-0.0035147510934621096,ge,0.01
cub,cub,Qwen3.8,four_difference,2029,log_ratio,True,0.9155,0.7356230583362099,0.7988091128753882,0.98,0.8127373144632378,0.01,0.038833275802554364,-2.7343597412109375,ge,0.01
cub,cub,Qwen3.8,four_difference,2029,probability_difference,False,0.9834166666666667,0.8129789437348982,0.8115464273386261,0.9858333333333333,0.81429064549534,0.01,0.010355540214014497,-0.014309233985841274,ge,0.01
cub,cub,Qwen3.8,four_difference,2030,log_ratio,True,0.9219166666666667,0.7439765274421816,0.8031584397652743,0.9816666666666667,0.8123921297894373,0.01,0.02847773558853987,-2.5535104274749756,ge,0.01
cub,cub,Qwen3.8,four_difference,2030,probability_difference,False,0.98325,0.8130134622022783,0.8115119088712461,0.9858333333333333,0.81429064549534,0.01,0.0060407317915084574,-0.00484488345682621,ge,0.01
cub,cub,Qwen3.8,four_ratio,2026,log_ratio,False,0.9755833333333334,0.8073351743182603,0.808577839143942,0.9858333333333333,0.8132550914739386,0.01,0.02105626510182948,3.954883575439453,ge,0.01
cub,cub,Qwen3.8,four_ratio,2026,probability_difference,True,0.9784999999999999,0.8094580600621333,0.8093890231273732,0.9841666666666666,0.8120469451156369,0.01,0.030031066620642043,1.199191856926518e-09,ge,0.01
cub,cub,Qwen3.8,four_ratio,2027,log_ratio,False,0.9529166666666667,0.7864342423196411,0.8006040731791509,0.9825,0.8111839834311356,0.01,0.043148084225060404,-3.265713691711426,ge,0.01
cub,cub,Qwen3.8,four_ratio,2027,probability_difference,True,0.97925,0.8102692440455644,0.8096479116327235,0.985,0.8127373144632378,0.01,0.019675526406627546,-3.3625896798993374e-14,ge,0.01
cub,cub,Qwen3.8,four_ratio,2028,log_ratio,False,0.9682499999999999,0.8025025888850535,0.8046254746289265,0.9858333333333333,0.8129099068001381,0.01,0.016396272005522954,-1.5082664489746094,ge,0.01
cub,cub,Qwen3.8,four_ratio,2028,probability_difference,True,0.9801666666666666,0.810631687953055,0.8093545046599931,0.9858333333333333,0.8127373144632378,0.01,0.012426648256817397,-6.139429649344372e-14,ge,0.01
cub,cub,Qwen3.8,four_ratio,2029,log_ratio,False,0.9641666666666666,0.8019157749395928,0.8049016223679668,0.9841666666666666,0.8139454608215395,0.01,0.009665170866413532,2.535764694213867,ge,0.01
cub,cub,Qwen3.8,four_ratio,2029,probability_difference,True,0.978,0.8123748705557474,0.8117017604418364,0.9841666666666666,0.8139454608215395,0.01,0.01812219537452537,7.519151100365828e-12,ge,0.01
cub,cub,Qwen3.8,four_ratio,2030,log_ratio,False,0.9615,0.7994649637556093,0.8044183638246463,0.9833333333333333,0.8130824991370383,0.01,0.021401449775629963,-3.623467445373535,ge,0.01
cub,cub,Qwen3.8,four_ratio,2030,probability_difference,True,0.9794166666666667,0.8099240593717639,0.8088367276492924,0.9858333333333333,0.8129099068001381,0.01,0.01156368657231619,-5.734394841703247e-15,ge,0.01
cub,cub,Qwen3.8,gain,2026,regression,False,0.982,0.8122022782188472,0.8107697618225751,0.985,0.8141180531584398,0.01,0.00638591646530894,0.10205373167991638,ge,0.01
cub,cub,Qwen3.8,gain,2027,regression,False,0.98125,0.8128926475664481,0.8124093890231274,0.9858333333333333,0.8146358301691405,0.01,0.01725923369002416,0.08088664710521698,ge,0.01
cub,cub,Qwen3.8,gain,2028,regression,False,0.9813333333333334,0.8124439074905074,0.8104590956161546,0.9858333333333333,0.81429064549534,0.01,0.005350362443907491,0.16180923581123352,ge,0.01
cub,cub,Qwen3.8,gain,2029,regression,False,0.9825,0.812789092164308,0.8119261304798067,0.9858333333333333,0.8141180531584398,0.01,0.00638591646530894,0.052189622074365616,ge,0.01
cub,cub,Qwen3.8,gain,2030,regression,False,0.9816666666666667,0.8122540559199173,0.8119261304798067,0.985,0.8139454608215395,0.01,0.020193303417328272,0.061363235116004944,ge,0.01
cub,cub,Qwen3.8,route,2026,probability,False,0.9196666666666666,0.7508802209181913,0.8007766655160511,0.98,0.8123921297894373,0.01,0.024680704176734552,0.06744378060102463,ge,0.01
cub,cub,Qwen3.8,route,2027,probability,False,0.9233333333333333,0.7612357611322058,0.8025198481187436,0.9791666666666666,0.8125647221263376,0.01,0.02347255781843286,0.09797634929418564,ge,0.01
cub,cub,Qwen3.8,route,2028,probability,False,0.92025,0.7445288229202625,0.7988263721090784,0.9791666666666666,0.813600276147739,0.01,0.021574042112530202,0.0361652746796608,ge,0.01
cub,cub,Qwen3.8,route,2029,probability,False,0.9214166666666667,0.7548153261995167,0.8030548843631343,0.98,0.8129099068001381,0.01,0.025025888850535038,0.05318247154355049,ge,0.01
cub,cub,Qwen3.8,route,2030,probability,False,0.9195833333333333,0.7459095616154643,0.7959095616154642,0.9783333333333334,0.8120469451156369,0.01,0.020193303417328272,0.11371302604675293,ge,0.01
cub,glsim,MiniCPM,error,2026,probability,False,0.9094166666666667,0.7611322057300656,0.8433724542630308,0.9875,0.8828098032447359,0.01,0.04263030721435968,0.0131531385704875,ge,0.01
cub,glsim,MiniCPM,error,2027,probability,False,0.9126666666666666,0.7677252329996549,0.8445115636865723,0.9866666666666667,0.8878149810148429,0.01,0.03779772178115292,0.018917348235845566,ge,0.01
cub,glsim,MiniCPM,error,2028,probability,False,0.9130833333333334,0.7650845702450811,0.845685191577494,0.9866666666666667,0.8872972040041422,0.01,0.039868829823955815,0.007665780372917652,ge,0.01
cub,glsim,MiniCPM,error,2029,probability,False,0.9095833333333333,0.7584742837418019,0.8475319295823266,0.9866666666666667,0.8891957197100449,0.01,0.03589920607525026,0.13308997452259064,ge,0.01
cub,glsim,MiniCPM,error,2030,probability,False,0.9092499999999999,0.7565930272695893,0.8448740075940628,0.9866666666666667,0.8867794269934415,0.01,0.04142216085605799,0.03516277298331261,ge,0.01
cub,glsim,MiniCPM,four_difference,2026,log_ratio,True,0.9288333333333334,0.7791681049361409,0.8593545046599931,0.9866666666666667,0.8904038660683465,0.01,0.04401104590956161,-3.2388687133789062,ge,0.01
cub,glsim,MiniCPM,four_difference,2026,probability_difference,False,0.9784166666666667,0.8924749741111495,0.8925785295132896,0.9891666666666666,0.9016223679668622,0.01,0.014152571625819814,-0.0050849150866270065,ge,0.01
cub,glsim,MiniCPM,four_difference,2027,log_ratio,True,0.9278333333333334,0.7789437348981705,0.8601656886434242,0.9875,0.8931653434587504,0.01,0.03727994477045219,-1.9760479927062988,ge,0.01
cub,glsim,MiniCPM,four_difference,2027,probability_difference,False,0.9786666666666667,0.8919054193993787,0.89288919571971,0.9891666666666666,0.9016223679668622,0.01,0.008802209181912324,-0.005811857525259256,ge,0.01
cub,glsim,MiniCPM,four_difference,2028,log_ratio,True,0.9224166666666667,0.7610804280289956,0.8570245081118398,0.9866666666666667,0.8929927511218502,0.01,0.03727994477045219,-2.430908203125,ge,0.01
cub,glsim,MiniCPM,four_difference,2028,probability_difference,False,0.9785,0.8917846047635485,0.8931135657576803,0.9891666666666666,0.901449775629962,0.01,0.01052813255091474,-0.0011190498480573297,ge,0.01
cub,glsim,MiniCPM,four_difference,2029,log_ratio,True,0.9264166666666667,0.7758025543665862,0.8551259924059371,0.9866666666666667,0.8919571971004487,0.01,0.034691059716948566,-3.817823648452759,ge,0.01
cub,glsim,MiniCPM,four_difference,2029,probability_difference,False,0.979,0.8903003106662065,0.8916983085950984,0.9891666666666666,0.901449775629962,0.01,0.014670348636520539,-0.004320982377976179,ge,0.01
cub,glsim,MiniCPM,four_difference,2030,log_ratio,True,0.93825,0.7904038660683467,0.8627373144632379,0.9883333333333333,0.8955816361753538,0.01,0.03072143596824301,-1.7466963529586792,ge,0.01
cub,glsim,MiniCPM,four_difference,2030,probability_difference,False,0.979,0.8912323092854677,0.8919399378667587,0.99,0.9012771832930618,0.01,0.018294787711425613,-0.002133682370185852,ge,0.01
cub,glsim,MiniCPM,four_ratio,2026,log_ratio,False,0.9708333333333332,0.8690714532274767,0.879979288919572,0.99,0.8988608905764585,0.02,0.036589575422851225,-2.0773916244506836,ge,0.02
cub,glsim,MiniCPM,four_ratio,2026,probability_difference,True,0.9737499999999999,0.8880566102865033,0.8898343113565758,0.9891666666666666,0.9000690369347601,0.01,0.02312737314463238,-7.376906377420944e-12,ge,0.01
cub,glsim,MiniCPM,four_ratio,2027,log_ratio,False,0.968,0.868519157749396,0.8793924749741111,0.99,0.9000690369347601,0.01,0.024508111839834312,-1.8984746932983398,ge,0.01
cub,glsim,MiniCPM,four_ratio,2027,probability_difference,True,0.9760833333333333,0.8887814981014843,0.8905419399378668,0.9891666666666666,0.9009319986192613,0.01,0.02122885743872972,-6.550278985884006e-09,ge,0.01
cub,glsim,MiniCPM,four_ratio,2028,log_ratio,False,0.97075,0.873524335519503,0.8809630652399034,0.9866666666666667,0.8978253365550569,0.02,0.03779772178115292,-0.5955595970153809,ge,0.02
cub,glsim,MiniCPM,four_ratio,2028,probability_difference,True,0.9741666666666666,0.8867621677597516,0.8893855712806351,0.9858333333333333,0.8983431135657577,0.01,0.02416292716603383,8.301383885855884e-11,ge,0.01
cub,glsim,MiniCPM,four_ratio,2029,log_ratio,False,0.9696666666666667,0.8744218156713842,0.8809975837072834,0.99,0.9002416292716603,0.01,0.02329996548153262,-1.2633552551269531,ge,0.01
cub,glsim,MiniCPM,four_ratio,2029,probability_difference,True,0.9755833333333332,0.8876078702105626,0.8901794960303762,0.99,0.9004142216085605,0.01,0.02002071108042803,-1.0354328952946225e-14,ge,0.01
cub,glsim,MiniCPM,four_ratio,2030,log_ratio,False,0.9710833333333333,0.872851225405592,0.8826372109078356,0.9883333333333333,0.9005868139454608,0.01,0.018467380048325856,2.274503707885742,ge,0.01
cub,glsim,MiniCPM,four_ratio,2030,probability_difference,True,0.9755,0.8858646876078702,0.8894373489817052,0.9891666666666666,0.8986882982395582,0.01,0.02657921988263721,1.9104025028582328e-08,ge,0.01
cub,glsim,MiniCPM,gain,2026,regression,False,0.9782500000000001,0.8915257162581982,0.8927511218501899,0.9891666666666666,0.9011045909561616,0.01,0.017086641353123922,0.06638844311237335,ge,0.01
cub,glsim,MiniCPM,gain,2027,regression,False,0.9786666666666667,0.8915429754918882,0.8931998619261305,0.9891666666666666,0.901449775629962,0.01,0.014670348636520539,0.08822585642337799,ge,0.01
cub,glsim,MiniCPM,gain,2028,regression,False,0.9788333333333333,0.8914566793234381,0.8929582326544702,0.9891666666666666,0.9016223679668622,0.01,0.016396272005522954,0.025555070489645004,ge,0.01
cub,glsim,MiniCPM,gain,2029,regression,False,0.9782500000000001,0.8927338626165,0.8934587504314808,0.9891666666666666,0.9016223679668622,0.01,0.013117017604418364,0.06589554250240326,ge,0.01
cub,glsim,MiniCPM,gain,2030,regression,False,0.9786666666666667,0.8896444597859856,0.8923541594753193,0.9891666666666666,0.9017949603037625,0.01,0.018294787711425613,0.16952542960643768,ge,0.01
cub,glsim,MiniCPM,route,2026,probability,False,0.9014166666666666,0.7645322747670005,0.8499482222989299,0.9841666666666666,0.8935105281325509,0.01,0.0340006903693476,0.006400675512850285,ge,0.01
cub,glsim,MiniCPM,route,2027,probability,False,0.9013333333333333,0.7772868484639283,0.8505868139454609,0.9866666666666667,0.8883327580255437,0.01,0.05108733172247152,0.06703241169452667,ge,0.01
cub,glsim,MiniCPM,route,2028,probability,False,0.9009166666666667,0.7466862271315153,0.8501898515705902,0.9833333333333333,0.890749050742147,0.01,0.04452882292026234,0.020855436101555824,ge,0.01
cub,glsim,MiniCPM,route,2029,probability,False,0.9025,0.7535208836727649,0.8513462202278219,0.985,0.8938557128063513,0.01,0.03313772868484639,0.03475888818502426,ge,0.01
cub,glsim,MiniCPM,route,2030,probability,False,0.90025,0.7312392129789438,0.8492578529513289,0.9841666666666666,0.885053503624439,0.01,0.0505695547117708,0.006442188285291195,ge,0.01
cub,glsim,Qwen3.8,error,2026,probability,False,0.9371666666666667,0.8147911632723508,0.8659647911632724,0.985,0.8917846047635485,0.01,0.04263030721435968,0.0131531385704875,ge,0.01
cub,glsim,Qwen3.8,error,2027,probability,False,0.9338333333333333,0.8157749395926822,0.8658439765274422,0.9858333333333333,0.8966171901967552,0.01,0.035208836727649295,0.01910049468278885,ge,0.01
cub,glsim,Qwen3.8,error,2028,probability,False,0.9361666666666667,0.8180531584397653,0.8659302726958923,0.9841666666666666,0.8948912668277529,0.01,0.035208836727649295,0.22747483849525452,ge,0.01
cub,glsim,Qwen3.8,error,2029,probability,False,0.9345,0.8130997583707283,0.8662236796686227,0.9841666666666666,0.8960994131860546,0.01,0.03676216775975147,0.023573948070406914,ge,0.01
cub,glsim,Qwen3.8,error,2030,probability,False,0.937,0.813565757680359,0.867069382119434,0.985,0.8943734898170521,0.01,0.04142216085605799,0.02723637968301773,ge,0.01
cub,glsim,Qwen3.8,four_difference,2026,log_ratio,True,0.9530833333333334,0.8487918536416983,0.8794097342078012,0.9858333333333333,0.8957542285122541,0.01,0.03935105281325509,-3.026237964630127,ge,0.01
cub,glsim,Qwen3.8,four_difference,2026,probability_difference,False,0.9861666666666666,0.8969623748705557,0.8968243010010355,0.9883333333333333,0.9007594062823611,0.01,0.012426648256817397,-0.001153669785708189,ge,0.01
cub,glsim,Qwen3.8,four_difference,2027,log_ratio,True,0.9509166666666666,0.8343976527442182,0.8812392129789437,0.9875,0.8990334829133586,0.01,0.024680704176734552,-1.5695973634719849,ge,0.01
cub,glsim,Qwen3.8,four_difference,2027,probability_difference,False,0.9865833333333334,0.8975146703486365,0.8968760787021056,0.9891666666666666,0.9016223679668622,0.01,0.0075940628236106315,-0.005822875536978245,ge,0.01
cub,glsim,Qwen3.8,four_difference,2028,log_ratio,True,0.9498333333333333,0.8387124611667242,0.877873662409389,0.9841666666666666,0.896444597859855,0.01,0.04504659993096306,-2.472076892852783,ge,0.01
cub,glsim,Qwen3.8,four_difference,2028,probability_difference,False,0.98625,0.897117707973766,0.8967380048325855,0.9891666666666666,0.9016223679668622,0.01,0.005350362443907491,-0.01126081869006157,ge,0.01
cub,glsim,Qwen3.8,four_difference,2029,log_ratio,True,0.9350833333333334,0.8065585088022093,0.8781325509147394,0.985,0.897134967207456,0.01,0.04124956851915775,-2.668215751647949,ge,0.01
cub,glsim,Qwen3.8,four_difference,2029,probability_difference,False,0.9856666666666667,0.8977562996202969,0.8968588194684156,0.9891666666666666,0.9016223679668622,0.01,0.007248878149810148,-0.009776376187801361,ge,0.01
cub,glsim,Qwen3.8,four_difference,2030,log_ratio,True,0.9451666666666667,0.8248360372799448,0.8789955125992406,0.9866666666666667,0.8973075595443563,0.01,0.03141180531584398,-2.2285304069519043,ge,0.01
cub,glsim,Qwen3.8,four_difference,2030,probability_difference,False,0.9864166666666666,0.897842595788747,0.8972212633759061,0.9891666666666666,0.901449775629962,0.01,0.00845702450811184,-0.00619181152433157,ge,0.01
cub,glsim,Qwen3.8,four_ratio,2026,log_ratio,False,0.97775,0.8907835692095272,0.8929927511218502,0.9866666666666667,0.9007594062823611,0.01,0.013289609941318605,7.8850555419921875,ge,0.01
cub,glsim,Qwen3.8,four_ratio,2026,probability_difference,True,0.98,0.8945115636865724,0.8949085260614429,0.9833333333333333,0.9000690369347601,0.01,0.021401449775629963,3.262804426640287e-08,ge,0.01
cub,glsim,Qwen3.8,four_ratio,2027,log_ratio,False,0.9788333333333333,0.8919226786330687,0.8939247497411115,0.9891666666666666,0.9012771832930618,0.01,0.010700724887814981,5.494701862335205,ge,0.01
cub,glsim,Qwen3.8,four_ratio,2027,probability_difference,True,0.9826666666666667,0.8942526751812221,0.8946323783224025,0.9866666666666667,0.8998964445978599,0.01,0.02036589575422851,2.1654463466802554e-07,ge,0.01
cub,glsim,Qwen3.8,four_ratio,2028,log_ratio,False,0.9742500000000001,0.8885226095961339,0.8900586813945461,0.9875,0.9002416292716603,0.01,0.015360717984121504,4.342945575714111,ge,0.01
cub,glsim,Qwen3.8,four_ratio,2028,probability_difference,True,0.9825833333333334,0.8935277873662409,0.8939420089748016,0.9858333333333333,0.8986882982395582,0.01,0.025716258198136003,1.3274492616233147e-08,ge,0.01
cub,glsim,Qwen3.8,four_ratio,2029,log_ratio,False,0.97475,0.8875733517431827,0.8920434932688989,0.9866666666666667,0.9000690369347601,0.01,0.022609596133931653,1.6047245264053345,ge,0.01
cub,glsim,Qwen3.8,four_ratio,2029,probability_difference,True,0.9834166666666667,0.8941146013117018,0.8947531929582326,0.9866666666666667,0.898515705902658,0.01,0.02865032792544011,2.6156001808885776e-07,ge,0.01
cub,glsim,Qwen3.8,four_ratio,2030,log_ratio,False,0.9755833333333334,0.8808249913703833,0.8880220918191233,0.9875,0.9002416292716603,0.01,0.023990334829133587,2.1992859840393066,ge,0.01
cub,glsim,Qwen3.8,four_ratio,2030,probability_difference,True,0.9823333333333333,0.8923886779426994,0.8940800828443217,0.9858333333333333,0.8981705212288574,0.01,0.02744218156713842,1.076633907359792e-05,ge,0.01
cub,glsim,Qwen3.8,gain,2026,regression,False,0.98425,0.8925785295132896,0.893562305833621,0.9875,0.8990334829133586,0.01,0.019848118743527786,0.26899492740631104,ge,0.01
cub,glsim,Qwen3.8,gain,2027,regression,False,0.9848333333333333,0.8949430445288229,0.8939074905074215,0.9891666666666666,0.9016223679668622,0.01,0.008974801518812565,0.13488280773162842,ge,0.01
cub,glsim,Qwen3.8,gain,2028,regression,False,0.9855,0.8969623748705559,0.8970141525716258,0.9891666666666666,0.9016223679668622,0.01,0.012426648256817397,0.15440733730793,ge,0.01
cub,glsim,Qwen3.8,gain,2029,regression,False,0.98575,0.8980151881256473,0.8969451156368657,0.9891666666666666,0.9016223679668622,0.01,0.005350362443907491,0.08522714674472809,ge,0.01
cub,glsim,Qwen3.8,gain,2030,regression,False,0.9856666666666667,0.8955471177079739,0.895029340697273,0.9875,0.9004142216085605,0.01,0.010355540214014497,0.11318457126617432,ge,0.01
cub,glsim,Qwen3.8,route,2026,probability,False,0.927,0.7939592682084916,0.8622367966862271,0.9816666666666667,0.8967897825336555,0.01,0.019848118743527786,0.02219533920288086,ge,0.01
cub,glsim,Qwen3.8,route,2027,probability,False,0.9275833333333334,0.8065239903348291,0.8693648602002071,0.9825,0.8954090438384535,0.01,0.028995512599240592,0.022180303931236267,ge,0.01
cub,glsim,Qwen3.8,route,2028,probability,False,0.92425,0.7911114946496376,0.8623921297894374,0.9833333333333333,0.891439420089748,0.01,0.03089402830514325,0.0007422103662975132,ge,0.01
cub,glsim,Qwen3.8,route,2029,probability,False,0.9250833333333334,0.7919054193993786,0.8617362789092164,0.9833333333333333,0.8967897825336555,0.01,0.02036589575422851,0.012569688260555267,ge,0.01
cub,glsim,Qwen3.8,route,2030,probability,False,0.9218333333333333,0.7856920952709701,0.8598722816706938,0.9833333333333333,0.8959268208491543,0.01,0.024680704176734552,0.0028624904807657003,ge,0.01
grefcoco,groundingdino,MiniCPM,error,2026,probability,False,0.6196570384426172,0.3284746051101721,0.3309162578339903,0.672007871248858,0.45007514959022205,0.339939560053412,0.45194679976179,0.9987803101539612,ge,0.34
grefcoco,groundingdino,MiniCPM,error,2027,probability,False,0.6219059666877503,0.3199415818279784,0.33172447040807646,0.6781221449153138,0.4620140090179508,0.34998945814885096,0.47097524317273065,0.9986439347267151,ge,0.35
grefcoco,groundingdino,MiniCPM,error,2028,probability,False,0.6211328976034858,0.32172248532456116,0.3314182003800017,0.6761543327008223,0.438363156849956,0.3299599409656336,0.4045600204180019,0.997635006904602,ge,0.33
grefcoco,groundingdino,MiniCPM,error,2029,probability,False,0.6207674467636517,0.3165272381816635,0.33000879108413916,0.6860636727809404,0.4450840824660409,0.3599690772366294,0.4424183988883532,0.9989563226699829,ge,0.36
grefcoco,groundingdino,MiniCPM,error,2030,probability,False,0.6218778550846862,0.33092476533477017,0.3335195530726257,0.672851219340783,0.467742392876386,0.3599690772366294,0.4931514618722173,0.9941957592964172,ge,0.36
grefcoco,groundingdino,MiniCPM,four_difference,2026,log_ratio,True,0.6254691123761332,0.3268269857924737,0.33397045061395797,0.686344788811582,0.4573916002608967,0.34998945814885096,0.4425034738961518,6.270540237426758,ge,0.35
grefcoco,groundingdino,MiniCPM,four_difference,2026,probability_difference,False,0.6121863799283154,0.3787539347191107,0.3491052945013186,0.6554923044486611,0.5033037461361767,0.449996486049617,0.5800697615063948,0.2908308804035187,ge,0.45
grefcoco,groundingdino,MiniCPM,four_difference,2027,log_ratio,True,0.6236910534823248,0.3298783427388481,0.33427388480843945,0.6797385620915033,0.453052774863171,0.3299599409656336,0.4178317216345745,5.889019966125488,ge,0.33
grefcoco,groundingdino,MiniCPM,four_difference,2027,probability_difference,False,0.6151521540515847,0.3754161585798146,0.3483906644358109,0.6602712769695692,0.49249922014576186,0.39995783259540374,0.5114993052207697,0.3213382363319397,ge,0.4
grefcoco,groundingdino,MiniCPM,four_difference,2028,log_ratio,True,0.6240354206198608,0.33228880129314015,0.33633837166435077,0.6694075479654227,0.43830644017809034,0.2999508046946377,0.38292261010123924,7.289079189300537,ge,0.3
grefcoco,groundingdino,MiniCPM,four_difference,2028,probability_difference,False,0.615187293555415,0.37666108952726657,0.3502850012761251,0.6552814674256799,0.5009783625896832,0.46995572422517395,0.5808070782406488,0.24761390686035156,ge,0.47
grefcoco,groundingdino,MiniCPM,four_difference,2029,log_ratio,True,0.6243235645512686,0.3337634347616482,0.3369395683861271,0.6740459624710099,0.4451407991379066,0.3099304237824162,0.390777869154638,5.797358512878418,ge,0.31
grefcoco,groundingdino,MiniCPM,four_difference,2029,probability_difference,False,0.6152646004638415,0.36908941383319627,0.3493832061934606,0.6550003513950383,0.4933783285596801,0.4199873497786211,0.5310665570144344,0.31439468264579773,ge,0.42
grefcoco,groundingdino,MiniCPM,four_difference,2030,log_ratio,True,0.6234591327570455,0.3296911777216913,0.3353770240762272,0.675240705601237,0.46825284292317726,0.3599690772366294,0.4682244845872444,5.167756080627441,ge,0.36
grefcoco,groundingdino,MiniCPM,four_difference,2030,probability_difference,False,0.6110338042026846,0.38105095992967136,0.3495448487082778,0.6552111884180195,0.5055156963389388,0.4799353433129524,0.6086266057907722,0.16629476845264435,ge,0.48
grefcoco,groundingdino,MiniCPM,four_ratio,2026,log_ratio,False,0.6254691123761332,0.3268269857924737,0.33397045061395797,0.686344788811582,0.4573916002608967,0.34998945814885096,0.4425034738961518,6.270540237426758,ge,0.35
grefcoco,groundingdino,MiniCPM,four_ratio,2026,probability_difference,True,0.6121863799283154,0.3787539347191107,0.3491052945013186,0.6554923044486611,0.5033037461361767,0.449996486049617,0.5800697615063948,0.2908308804035187,ge,0.45
grefcoco,groundingdino,MiniCPM,four_ratio,2027,log_ratio,False,0.6256237261929861,0.33940390777869156,0.3395825652950685,0.6751001475859161,0.4591781754246661,0.3199803218778551,0.42540339732864474,5.838075160980225,ge,0.32
grefcoco,groundingdino,MiniCPM,four_ratio,2027,probability_difference,True,0.611961487103802,0.37634347616481867,0.348869920313076,0.6555625834563216,0.5022828460425942,0.449996486049617,0.5760712361398633,0.1986093968153,ge,0.45
grefcoco,groundingdino,MiniCPM,four_ratio,2028,log_ratio,False,0.6255464192845597,0.3335053739046593,0.33636956583387684,0.6811441422447115,0.4548960666988061,0.339939560053412,0.43184073958540115,5.855062961578369,ge,0.34
grefcoco,groundingdino,MiniCPM,four_ratio,2028,probability_difference,True,0.6106261859582542,0.38387545018858293,0.3494427586989195,0.6584440227703985,0.5022261293707285,0.45997610513739545,0.5888892039815103,0.26440566778182983,ge,0.46
grefcoco,groundingdino,MiniCPM,four_ratio,2029,log_ratio,False,0.6268184693232132,0.3295890877123331,0.33684315004395543,0.6826200014055801,0.4556050250971273,0.3299599409656336,0.418115304993903,6.247387886047363,ge,0.33
grefcoco,groundingdino,MiniCPM,four_ratio,2029,probability_difference,True,0.6111181390118772,0.379942148994697,0.3487649944701245,0.6553517464333404,0.49859626237132404,0.43994658795417807,0.566457760258628,0.1935059130191803,ge,0.44
grefcoco,groundingdino,MiniCPM,four_ratio,2030,log_ratio,False,0.6252301637500879,0.3501375379292743,0.3431103422851147,0.6756623796471993,0.4759095936250461,0.34998945814885096,0.47395286844567963,4.759512424468994,ge,0.35
grefcoco,groundingdino,MiniCPM,four_ratio,2030,probability_difference,True,0.6018553658022349,0.379862745654085,0.34663244760797435,0.6539461662801321,0.5139664804469274,0.6099515074847143,0.7495391770410912,0.10030291974544525,ge,0.61
grefcoco,groundingdino,MiniCPM,gain,2026,regression,False,0.610070981797737,0.37849020219493523,0.3483764852678445,0.652400028111603,0.4986529790431897,0.45997610513739545,0.5797578198111335,0.21678990125656128,ge,0.46
grefcoco,groundingdino,MiniCPM,gain,2027,regression,False,0.6174221659990161,0.3740889884581573,0.348969174488841,0.6599901609389276,0.49513654538751667,0.40993745168318224,0.5304710319598446,0.3141249120235443,ge,0.41
grefcoco,groundingdino,MiniCPM,gain,2028,regression,False,0.6159744184412116,0.378717068882398,0.3501176870941213,0.6553517464333404,0.4867991946232595,0.3799985944198468,0.49170518673964214,0.33114850521087646,ge,0.38
grefcoco,groundingdino,MiniCPM,gain,2029,regression,False,0.6138730761121652,0.37937498227604005,0.35035589711595727,0.6597090449082859,0.4959872954655021,0.4299669688663996,0.5455009500042538,0.22381940484046936,ge,0.43
grefcoco,groundingdino,MiniCPM,gain,2030,regression,False,0.6128259188980252,0.3797719989790999,0.3495788787113972,0.6537353292571509,0.4996455208008394,0.46995572422517395,0.5867339704506139,0.22586381435394287,ge,0.47
grefcoco,groundingdino,MiniCPM,route,2026,probability,False,0.6102888467214843,0.37863482970819273,0.3489464878200947,0.6519080750579802,0.4875365113575135,0.3899782135076253,0.5070470464793126,0.3191682696342468,ge,0.39
grefcoco,groundingdino,MiniCPM,route,2027,probability,False,0.6112095017218357,0.37822646967075974,0.34943708703173293,0.6542272823107738,0.5000141791679664,0.46995572422517395,0.5829339534356124,0.2239772230386734,ge,0.47
grefcoco,groundingdino,MiniCPM,route,2028,probability,False,0.6121512404244852,0.381246632447608,0.3505345546323342,0.6566870475788882,0.5091455633383433,0.5599831330381615,0.679125428919831,0.1410127878189087,ge,0.56
grefcoco,groundingdino,MiniCPM,route,2029,probability,False,0.6093330522173027,0.37595780279613195,0.34845588860845644,0.6587251388010401,0.509570938377336,0.5499332349427226,0.6692567280152001,0.16817709803581238,ge,0.55
grefcoco,groundingdino,MiniCPM,route,2030,probability,False,0.612629137676576,0.3781413946629612,0.3488840994810425,0.6599198819312672,0.4926693701613589,0.40993745168318224,0.5272098233275672,0.252823144197464,ge,0.41
grefcoco,groundingdino,Qwen3.8,error,2026,probability,False,0.6632581347951367,0.3435243739897343,0.36802881206930776,0.8076463560334528,0.7476391685335905,0.8499543186450207,0.9376683776196013,0.022591590881347656,ge,0.85
grefcoco,groundingdino,Qwen3.8,error,2027,probability,False,0.664171761894722,0.35875847205285993,0.37080509315713356,0.8063813338955654,0.7456540850182911,0.9199522102747909,0.9775401979411849,0.02014699950814247,ge,0.92
grefcoco,groundingdino,Qwen3.8,error,2028,probability,False,0.6648604961697941,0.3547599466863285,0.37165017156793245,0.809051936186661,0.7488018603068372,0.7499472907442547,0.8757904886141281,0.06771374493837357,ge,0.75
grefcoco,groundingdino,Qwen3.8,error,2029,probability,False,0.6639328132686766,0.35926608626605794,0.3697756855627712,0.8100358422939068,0.749397385361427,0.7599971888396936,0.8780307971528231,0.11147670447826385,ge,0.76
grefcoco,groundingdino,Qwen3.8,error,2030,probability,False,0.6646988544521751,0.3665116410969005,0.37108867651646205,0.8096141682479443,0.7483481269319117,0.7599971888396936,0.8804412557071151,0.09122030436992645,ge,0.76
grefcoco,groundingdino,Qwen3.8,four_difference,2026,log_ratio,True,0.6653875887272471,0.3563536851657545,0.37075404815245444,0.8131983976386253,0.7484332019397102,0.7199381544732588,0.8543799449848283,1.1629548072814941,ge,0.72
grefcoco,groundingdino,Qwen3.8,four_difference,2026,probability_difference,False,0.64471853257432,0.4197714318123813,0.3737997334316422,0.8122144915313796,0.7510988855173978,0.889943074003795,0.9439639281966934,-0.005598927848041058,ge,0.89
grefcoco,groundingdino,Qwen3.8,four_difference,2027,log_ratio,True,0.6657249279640172,0.36034086719791286,0.37154808155857416,0.8140417457305503,0.7490570853302329,0.7299880525686977,0.864475512576922,0.9775638580322266,ge,0.73
grefcoco,groundingdino,Qwen3.8,four_difference,2027,probability_difference,False,0.6501792114695341,0.42674191078467516,0.3756628761024303,0.8137606296999086,0.7514108272126592,0.7599971888396936,0.8772651220826362,0.007067253813147545,ge,0.76
grefcoco,groundingdino,Qwen3.8,four_difference,2028,log_ratio,True,0.6657319558647832,0.3570966735671951,0.3724158466381193,0.8109494693934922,0.7490003686583672,0.7599971888396936,0.8856024728468933,0.5702824592590332,ge,0.76
grefcoco,groundingdino,Qwen3.8,four_difference,2028,probability_difference,False,0.6468269028041324,0.42378413634687917,0.37404928678785127,0.8108791903858318,0.7490003686583672,0.7399676716564763,0.8646456625925191,0.04995465278625488,ge,0.74
grefcoco,groundingdino,Qwen3.8,four_difference,2029,log_ratio,True,0.6677208517815728,0.3597396704761365,0.37265689249354844,0.8180476491671937,0.6975016306043161,0.4999648604961698,0.6610611689306072,4.503515243530273,ge,0.5
grefcoco,groundingdino,Qwen3.8,four_difference,2029,probability_difference,False,0.6497926769274018,0.42418398888353237,0.37587839945551993,0.8146039777918336,0.7525168023140402,0.769976807927472,0.8896009982134249,0.0001585048739798367,ge,0.77
grefcoco,groundingdino,Qwen3.8,four_difference,2030,log_ratio,True,0.6672710661325463,0.35784533363582227,0.37289510251538444,0.8139011877152295,0.68598814621558,0.45997610513739545,0.6289311743186909,5.074526786804199,ge,0.46
grefcoco,groundingdino,Qwen3.8,four_difference,2030,probability_difference,False,0.6506219692177946,0.41705753906360776,0.37504182854550094,0.8121442125237192,0.7515242605563905,0.769976807927472,0.8831352976207356,0.0009468437638133764,ge,0.77
grefcoco,groundingdino,Qwen3.8,four_ratio,2026,log_ratio,False,0.6681987490336636,0.35673085103366137,0.3720074866006863,0.814674256799494,0.6775090037716587,0.449996486049617,0.6187788900547316,4.9009013175964355,ge,0.45
grefcoco,groundingdino,Qwen3.8,four_ratio,2026,probability_difference,True,0.6444866118490407,0.4191759067577915,0.37435272098233274,0.8118630964930775,0.7504750021268752,0.7799564270152506,0.8855173978390948,0.0017387100961059332,ge,0.78
grefcoco,groundingdino,Qwen3.8,four_ratio,2027,log_ratio,False,0.6675029868578255,0.3584578736919718,0.3718742024218019,0.8115819804624359,0.7508436604940022,0.769976807927472,0.8901681649320818,0.7685046792030334,ge,0.77
grefcoco,groundingdino,Qwen3.8,four_ratio,2027,probability_difference,True,0.636355330662731,0.42979893939823616,0.3723761449678133,0.8112305854241338,0.7503048521112781,0.7999859441984679,0.9094518333664181,0.0002940092235803604,ge,0.8
grefcoco,groundingdino,Qwen3.8,four_ratio,2028,log_ratio,False,0.6682479443390259,0.35434875081530215,0.37289793834897766,0.8178368121442126,0.6524118764710887,0.4299669688663996,0.559963701330006,4.766618251800537,ge,0.43
grefcoco,groundingdino,Qwen3.8,four_ratio,2028,probability_difference,True,0.6435589289479232,0.4260783257238465,0.37392451010974675,0.8148148148148148,0.7518362022516518,0.7199381544732588,0.8465246859314296,0.02629547379910946,ge,0.72
grefcoco,groundingdino,Qwen3.8,four_ratio,2029,log_ratio,False,0.6682830838428562,0.3561211468111051,0.37262002665683575,0.8134092346616065,0.7514675438845249,0.7999859441984679,0.9124578169752999,0.5637103319168091,ge,0.8
grefcoco,groundingdino,Qwen3.8,four_ratio,2029,probability_difference,True,0.6365942792887764,0.439707341973173,0.37266823582792163,0.81228477053904,0.7514108272126592,0.769976807927472,0.882312905878683,0.026074310764670372,ge,0.77
grefcoco,groundingdino,Qwen3.8,four_ratio,2030,log_ratio,False,0.6682971396443882,0.3633241641380484,0.37567705527039674,0.8128470026003233,0.7499078354082183,0.7499472907442547,0.8657516376939001,0.4791870713233948,ge,0.75
grefcoco,groundingdino,Qwen3.8,four_ratio,2030,probability_difference,True,0.6425398833368473,0.4160763406403312,0.37284972917789183,0.8117225384777567,0.7500212687519496,0.7599971888396936,0.8725576383177835,0.006772097200155258,ge,0.76
grefcoco,groundingdino,Qwen3.8,gain,2026,regression,False,0.6500948766603415,0.4085528741173468,0.37506167938065393,0.8111603064164734,0.7486884269631058,0.8399746995572422,0.9279981850665003,-0.02583235502243042,ge,0.84
grefcoco,groundingdino,Qwen3.8,gain,2027,regression,False,0.6490266357439033,0.40404957037121064,0.3745710801690157,0.8083491461100569,0.7489152936505686,0.8599339377327992,0.931032527011315,-0.046560950577259064,ge,0.86
grefcoco,groundingdino,Qwen3.8,gain,2028,regression,False,0.6493920865837374,0.41194736692850864,0.37493406686895614,0.8083491461100569,0.7489152936505686,0.889943074003795,0.9355982190965034,-0.011892817914485931,ge,0.89
grefcoco,groundingdino,Qwen3.8,gain,2029,regression,False,0.6419776512755639,0.41630037149420074,0.37266823582792163,0.8077869140487737,0.7461928934010152,0.7299880525686977,0.8561948784845306,0.2810576260089874,ge,0.73
grefcoco,groundingdino,Qwen3.8,gain,2030,regression,False,0.6458289408953546,0.4047443496015654,0.37252927998185065,0.8073652400028112,0.7478376768851204,0.9799704828167827,0.9813969316280521,-0.14250685274600983,ge,0.98
grefcoco,groundingdino,Qwen3.8,route,2026,probability,False,0.6444866118490405,0.41589201145676774,0.373618240081672,0.8079977510717549,0.7483764852678445,0.7799564270152506,0.8789099055667413,0.03565872833132744,ge,0.78
grefcoco,groundingdino,Qwen3.8,route,2027,probability,False,0.64471853257432,0.4247710064373423,0.37423928763860137,0.8113008644317943,0.7493690270254941,0.7399676716564763,0.8599948954995321,0.052881352603435516,ge,0.74
grefcoco,groundingdino,Qwen3.8,route,2028,probability,False,0.6485838779956428,0.42200323285029634,0.3751977993931316,0.809051936186661,0.7477526018773218,0.7799564270152506,0.8825964892380115,0.04733765125274658,ge,0.78
grefcoco,groundingdino,Qwen3.8,route,2029,probability,False,0.645920303605313,0.4168845532144174,0.3746419760088478,0.8083491461100569,0.7472705101664634,0.7599971888396936,0.8672262711624081,0.07822275161743164,ge,0.76
grefcoco,groundingdino,Qwen3.8,route,2030,probability,False,0.6486682128048352,0.4162493264895216,0.3751269035532995,0.8112305854241338,0.7486317102912401,0.7399676716564763,0.8654964126705045,0.059102341532707214,ge,0.74
grefcoco,instancevg,MiniCPM,error,2026,probability,False,0.7587954178087006,0.6688625471457335,0.6756260102657177,0.7621758380771664,0.6750701868814338,0.119966266076323,0.2011740351076199,0.09462917596101761,ge,0.12
grefcoco,instancevg,MiniCPM,error,2027,probability,False,0.754782486471291,0.6689220996511925,0.6757366077758558,0.7564129594490125,0.6766298953577404,0.119966266076323,0.19453818449933358,0.11577890813350677,ge,0.12
grefcoco,instancevg,MiniCPM,error,2028,probability,False,0.7610302902523016,0.6724186824717127,0.6764540736749567,0.7705390399887554,0.6594447437824349,0.22995291306486754,0.3116013952301279,0.01688133366405964,ge,0.23
grefcoco,instancevg,MiniCPM,error,2029,probability,False,0.7553376906318083,0.6730142075263024,0.6763718345007514,0.7609108159392789,0.6647761109378102,0.20999367488931056,0.27918781725888325,0.07360158115625381,ge,0.21
grefcoco,instancevg,MiniCPM,error,2030,probability,False,0.7579309860144775,0.6706689731446558,0.6759578027961319,0.7615433270082227,0.675041828545501,0.13999578325954037,0.21084422766072086,0.09310838580131531,ge,0.14
grefcoco,instancevg,MiniCPM,four_difference,2026,log_ratio,True,0.764670742849111,0.6763945211694977,0.6784221421886965,0.7743341064024176,0.6692567280152001,0.21997329397708903,0.290389359952358,-5.367876052856445,ge,0.22
grefcoco,instancevg,MiniCPM,four_difference,2026,probability_difference,False,0.7550636025019327,0.6777075121231887,0.6773587045912146,0.7559210063953897,0.6787851288886368,0.06999789162977019,0.13972152114113945,-0.03360140696167946,ge,0.07
grefcoco,instancevg,MiniCPM,four_difference,2027,log_ratio,True,0.7550987420057629,0.6750758585486204,0.6768822845475427,0.7571157495256167,0.6745597368346425,0.16993464052287582,0.23001446275132575,-3.7348968982696533,ge,0.17
grefcoco,instancevg,MiniCPM,four_difference,2027,probability_difference,False,0.7550214350973364,0.6781584096645209,0.6777131837903752,0.7562021224260314,0.6794090122791595,0.16993464052287582,0.2406771970620764,-0.018624423071742058,ge,0.17
grefcoco,instancevg,MiniCPM,four_difference,2028,log_ratio,True,0.7558507273877293,0.6748291410260046,0.6773048237529421,0.7574671445639187,0.6803731957008763,0.10998664698854452,0.17284405751070528,-3.0022528171539307,ge,0.11
grefcoco,instancevg,MiniCPM,four_difference,2028,probability_difference,False,0.7546911237613325,0.6797408048095738,0.6792870714346482,0.756483238456673,0.681167229106996,0.05994799353433129,0.1307319286504268,-0.0012479540891945362,ge,0.06
grefcoco,instancevg,MiniCPM,four_difference,2029,log_ratio,True,0.7576147304800056,0.677741542126308,0.6783342313473046,0.7604188628856561,0.6748149618580381,0.20999367488931056,0.25596234012988117,-5.01124382019043,ge,0.21
grefcoco,instancevg,MiniCPM,four_difference,2029,probability_difference,False,0.7553517464333404,0.6788616963956555,0.678328559680118,0.7571157495256167,0.6801463290134135,0.04996837444655281,0.1162124606528089,-0.0008232841501012444,ge,0.05
grefcoco,instancevg,MiniCPM,four_difference,2030,log_ratio,True,0.7548035701735891,0.6733771942262428,0.6768397470436435,0.7573968655562583,0.6815642458100558,0.04996837444655281,0.11862291920710093,-0.6041420102119446,ge,0.05
grefcoco,instancevg,MiniCPM,four_difference,2030,probability_difference,False,0.7557101693724084,0.6802881206930778,0.6796897598048947,0.7569751915102959,0.6817627541615858,0.05994799353433129,0.12883192014292602,-0.0011288531823083758,ge,0.06
grefcoco,instancevg,MiniCPM,four_ratio,2026,log_ratio,False,0.764670742849111,0.6763945211694977,0.6784221421886965,0.7743341064024176,0.6692567280152001,0.21997329397708903,0.290389359952358,-5.367876052856445,ge,0.22
grefcoco,instancevg,MiniCPM,four_ratio,2026,probability_difference,True,0.7550636025019327,0.6777075121231887,0.6773587045912146,0.7559210063953897,0.6787851288886368,0.06999789162977019,0.13972152114113945,-0.03360140696167946,ge,0.07
grefcoco,instancevg,MiniCPM,four_ratio,2027,log_ratio,False,0.7594560404807085,0.6767433287014718,0.6778181096333267,0.7694848548738492,0.6726313699912089,0.21997329397708903,0.27853557553242775,-4.522805690765381,ge,0.22
grefcoco,instancevg,MiniCPM,four_ratio,2027,probability_difference,True,0.7519361866610443,0.6786490088761592,0.6782860221762187,0.7528287300583316,0.6800896123415477,0.05994799353433129,0.13016476193176985,-0.00909316074103117,ge,0.06
grefcoco,instancevg,MiniCPM,four_ratio,2028,log_ratio,False,0.7606226720078713,0.6761591469812551,0.6776252729489833,0.7669548105980744,0.6724895783115447,0.19994377679387168,0.2623713240507047,-4.883466720581055,ge,0.2
grefcoco,instancevg,MiniCPM,four_ratio,2028,probability_difference,True,0.7536158549441282,0.6785128888636816,0.678229305504353,0.7547965422728231,0.6799478206618835,0.04996837444655281,0.10764824320108896,-0.002954066265374422,ge,0.05
grefcoco,instancevg,MiniCPM,four_ratio,2029,log_ratio,False,0.7576147304800056,0.677741542126308,0.6783342313473046,0.7604188628856561,0.6748149618580381,0.20999367488931056,0.25596234012988117,-5.01124382019043,ge,0.21
grefcoco,instancevg,MiniCPM,four_ratio,2029,probability_difference,True,0.7553517464333404,0.6788616963956555,0.678328559680118,0.7571157495256167,0.6801463290134135,0.04996837444655281,0.1162124606528089,-0.0008232841501012444,ge,0.05
grefcoco,instancevg,MiniCPM,four_ratio,2030,log_ratio,False,0.7573055028462998,0.6742421234721947,0.677143181238125,0.7644950453299599,0.6671014944843037,0.20999367488931056,0.2866460596092221,-4.427010536193848,ge,0.21
grefcoco,instancevg,MiniCPM,four_ratio,2030,probability_difference,True,0.7545786773490759,0.6790715480815586,0.6788276663925361,0.7561318434183709,0.6804582707086748,0.03998875535877434,0.1021750843660494,-0.00392303429543972,ge,0.04
grefcoco,instancevg,MiniCPM,gain,2026,regression,False,0.753236348302762,0.678237813005133,0.6778748263051924,0.7551479373111252,0.6793806539432267,0.03998875535877434,0.10106910926466835,0.07657840847969055,ge,0.04
grefcoco,instancevg,MiniCPM,gain,2027,regression,False,0.754930072387378,0.6774466154326064,0.6772310920795168,0.7560615644107105,0.6790403539120324,0.07997751071754867,0.15177381391259961,-0.015288867056369781,ge,0.08
grefcoco,instancevg,MiniCPM,gain,2028,regression,False,0.754079696394687,0.6769701953889347,0.6766866120296061,0.7557101693724084,0.6783313955137112,0.029938857263335443,0.0887899498057454,0.08195191621780396,ge,0.03
grefcoco,instancevg,MiniCPM,gain,2029,regression,False,0.7510998664698855,0.6760031761336245,0.6757479511102288,0.7526178930353503,0.676885120381136,0.119966266076323,0.16405297337152255,-0.07293874025344849,ge,0.12
grefcoco,instancevg,MiniCPM,gain,2030,regression,False,0.7530465949820788,0.6773558687576213,0.6768709412131697,0.7548668212804835,0.67782094546692,0.029938857263335443,0.0859257578765278,0.08320517092943192,ge,0.03
grefcoco,instancevg,MiniCPM,route,2026,probability,False,0.7737156511350061,0.6649320817854409,0.6720897257748916,0.7869140487736314,0.6456909508550038,0.22995291306486754,0.3532030740436151,3.4431228414177895e-05,ge,0.23
grefcoco,instancevg,MiniCPM,route,2027,probability,False,0.7712910253707217,0.67043076312282,0.6732552533817315,0.783610935413592,0.6626775940787795,0.21997329397708903,0.29064458497575363,0.0035944085102528334,ge,0.22
grefcoco,instancevg,MiniCPM,route,2028,probability,False,0.7668142525827535,0.6693162805206591,0.6747554093525792,0.7727879682338885,0.6686612029606103,0.15995502143509735,0.22978759606386298,0.0013828137889504433,ge,0.16
grefcoco,instancevg,MiniCPM,route,2029,probability,False,0.7621547543748682,0.6710518106797494,0.6748801860306838,0.7668142525827535,0.6733403283895301,0.13999578325954037,0.1978277514675439,0.00121789809782058,ge,0.14
grefcoco,instancevg,MiniCPM,route,2030,probability,False,0.7648745519713261,0.6762158636531208,0.6774296004310467,0.7703282029657741,0.6768284037092703,0.16993464052287582,0.22462637892408474,0.004773556720465422,ge,0.17
grefcoco,instancevg,Qwen3.8,error,2026,probability,False,0.7873005833157636,0.7298925219068145,0.7142075263023566,0.8309087075690491,0.7584436945240053,0.4799353433129524,0.629129682670221,0.0005966582684777677,ge,0.48
grefcoco,instancevg,Qwen3.8,error,2027,probability,False,0.7805748822826621,0.7284774409437654,0.7136687179196325,0.8188207182514583,0.7566854776961688,0.6499402628434886,0.766866120296061,0.000342582497978583,ge,0.65
grefcoco,instancevg,Qwen3.8,error,2028,probability,False,0.7852976315974418,0.7277684825454442,0.7133539403907779,0.8253566659638766,0.7554944275869891,0.3599690772366294,0.4618722173382866,0.002208717865869403,ge,0.36
grefcoco,instancevg,Qwen3.8,error,2029,probability,False,0.7809684447255605,0.7278932592235487,0.713603493746987,0.8258486190174995,0.7577347361256841,0.46995572422517395,0.5859966537163599,0.0004450614214874804,ge,0.47
grefcoco,instancevg,Qwen3.8,error,2030,probability,False,0.7836390470166561,0.7273147491705186,0.7135042395712219,0.8297139644388222,0.7561750276493775,0.48998524140839134,0.6496894762215353,1.606099795026239e-05,ge,0.49
grefcoco,instancevg,Qwen3.8,four_difference,2026,log_ratio,True,0.7851219340782908,0.7299690894138332,0.7140175254516065,0.8315412186379928,0.7620168448515441,0.4698854452175135,0.6019907551824859,-5.802664279937744,gt,0.47
grefcoco,instancevg,Qwen3.8,four_difference,2026,probability_difference,False,0.7670883407126291,0.7108782576638404,0.7054618155006664,0.8080680300794153,0.7457108016901568,0.9699908637290041,0.9670192553100984,-0.7546408772468567,ge,0.97
grefcoco,instancevg,Qwen3.8,four_difference,2027,log_ratio,True,0.779865064305292,0.7305475994668633,0.7134191645634235,0.8200154613816852,0.7604571363752375,0.40993745168318224,0.5371068825681309,-5.039910793304443,ge,0.41
grefcoco,instancevg,Qwen3.8,four_difference,2027,probability_difference,False,0.7705390399887554,0.7202620310240195,0.7091909366758358,0.8084194251177174,0.7500212687519496,0.9599409656335652,0.9593057879363639,-0.6507218480110168,ge,0.96
grefcoco,instancevg,Qwen3.8,four_difference,2028,log_ratio,True,0.7839271909480638,0.7292969968522247,0.7135184187391884,0.8321737297069366,0.76127952811729,0.48998524140839134,0.6452939341519439,-6.389966011047363,ge,0.49
grefcoco,instancevg,Qwen3.8,four_difference,2028,probability_difference,False,0.7674678473539953,0.7092334741797351,0.7034115078127215,0.8073652400028112,0.7466749851118737,0.9699205847213437,0.9723789808014066,-0.7309830784797668,gt,0.97
grefcoco,instancevg,Qwen3.8,four_difference,2029,log_ratio,True,0.7787406001827254,0.7273487791736382,0.7128576695119531,0.8107386323705109,0.7550690525479965,0.5299037177595053,0.5922922042934521,-4.511953353881836,gt,0.53
grefcoco,instancevg,Qwen3.8,four_difference,2029,probability_difference,False,0.765872513880104,0.7148257380256927,0.7079261548932309,0.8085599831330381,0.7477809602132547,0.9799704828167827,0.9796387148002155,-0.6767090559005737,ge,0.98
grefcoco,instancevg,Qwen3.8,four_difference,2030,log_ratio,True,0.7802094314428281,0.7272722116666194,0.7127442361682217,0.820647972450629,0.7574795111022885,0.6599901609389276,0.8281768425828773,-7.195610523223877,ge,0.66
grefcoco,instancevg,Qwen3.8,four_difference,2030,probability_difference,False,0.7675240705601237,0.711105124351303,0.7048577829452968,0.8091222151943215,0.7473272268383291,0.9599409656335652,0.9641834217168137,-0.5991365909576416,ge,0.96
grefcoco,instancevg,Qwen3.8,four_ratio,2026,log_ratio,False,0.7851219340782908,0.7299690894138332,0.7140175254516065,0.8315412186379928,0.7620168448515441,0.4698854452175135,0.6019907551824859,-5.802664279937744,gt,0.47
grefcoco,instancevg,Qwen3.8,four_ratio,2026,probability_difference,True,0.7670883407126291,0.7108782576638404,0.7054618155006664,0.8080680300794153,0.7457108016901568,0.9699908637290041,0.9670192553100984,-0.7546408772468567,ge,0.97
grefcoco,instancevg,Qwen3.8,four_ratio,2027,log_ratio,False,0.7811933375500738,0.7285284859484445,0.7138076737657034,0.8232482957340642,0.7607123613986331,0.46995572422517395,0.5680458270708675,-5.170469760894775,ge,0.47
grefcoco,instancevg,Qwen3.8,four_ratio,2027,probability_difference,True,0.7647129102537072,0.7124719961432664,0.7069761506394805,0.8080680300794153,0.7476958852054562,0.9599409656335652,0.9606386297252077,-0.5886308550834656,ge,0.96
grefcoco,instancevg,Qwen3.8,four_ratio,2028,log_ratio,False,0.7839271909480638,0.7292969968522247,0.7135184187391884,0.8321737297069366,0.76127952811729,0.48998524140839134,0.6452939341519439,-6.389966011047363,ge,0.49
grefcoco,instancevg,Qwen3.8,four_ratio,2028,probability_difference,True,0.7674678473539953,0.7092334741797351,0.7034115078127215,0.8073652400028112,0.7466749851118737,0.9699205847213437,0.9723789808014066,-0.7309830784797668,gt,0.97
grefcoco,instancevg,Qwen3.8,four_ratio,2029,log_ratio,False,0.7787406001827254,0.7273487791736382,0.7128576695119531,0.8107386323705109,0.7550690525479965,0.5299037177595053,0.5922922042934521,-4.511953353881836,gt,0.53
grefcoco,instancevg,Qwen3.8,four_ratio,2029,probability_difference,True,0.765872513880104,0.7148257380256927,0.7079261548932309,0.8085599831330381,0.7477809602132547,0.9799704828167827,0.9796387148002155,-0.6767090559005737,ge,0.98
grefcoco,instancevg,Qwen3.8,four_ratio,2030,log_ratio,False,0.7814463419776514,0.7290786376655418,0.7141848396336103,0.8264811300864432,0.7606556447267674,0.45997610513739545,0.5814309616311715,-5.810272693634033,ge,0.46
grefcoco,instancevg,Qwen3.8,four_ratio,2030,probability_difference,True,0.7640241759786353,0.7115418427246689,0.7059609222130845,0.8084194251177174,0.7497376853926212,0.9699908637290041,0.9668491052945013,-0.6625540852546692,ge,0.97
grefcoco,instancevg,Qwen3.8,gain,2026,regression,False,0.769126431934781,0.7125315486487254,0.7037234495079828,0.8061002178649237,0.7502481354394124,0.9199522102747909,0.9159458922950401,-0.4572525918483734,ge,0.92
grefcoco,instancevg,Qwen3.8,gain,2027,regression,False,0.7719375922411975,0.7199132234920456,0.7080452599041488,0.8053271487806593,0.7461928934010152,0.9899501019045611,0.9879760655644727,-0.7287997007369995,ge,0.99
grefcoco,instancevg,Qwen3.8,gain,2028,regression,False,0.7640312038794013,0.7033349403057029,0.6972889430848197,0.8069435659568487,0.7452287099792985,0.9799704828167827,0.9803193148626038,-0.6322726607322693,ge,0.98
grefcoco,instancevg,Qwen3.8,gain,2029,regression,False,0.7687469252934149,0.7148767830303718,0.7062558489067862,0.8077869140487737,0.7462212517369481,0.9699908637290041,0.9731730142075263,-0.8551065921783447,ge,0.97
grefcoco,instancevg,Qwen3.8,gain,2030,regression,False,0.7703422587673062,0.7128293111760202,0.7030768794487139,0.8065218919108862,0.7455122933386269,0.9899501019045611,0.9889118906502566,-0.850878119468689,ge,0.99
grefcoco,instancevg,Qwen3.8,route,2026,probability,False,0.789085670110338,0.7282959475937951,0.7137452854266512,0.831400660622672,0.7565436860165046,0.3699486963244079,0.4927260868332246,0.0005373849417082965,ge,0.37
grefcoco,instancevg,Qwen3.8,route,2027,probability,False,0.7869070208728652,0.7302895386098744,0.7145761846694836,0.8283786632932743,0.7587839945551995,0.3799985944198468,0.4800499106712418,0.0014764259103685617,ge,0.38
grefcoco,instancevg,Qwen3.8,route,2028,probability,False,0.788888888888889,0.7240620480390211,0.712389756969061,0.8275353152013494,0.756458611008706,0.40993745168318224,0.5148172305249128,0.00015934875409584492,ge,0.41
grefcoco,instancevg,Qwen3.8,route,2029,probability,False,0.7894230093471081,0.7193120267702692,0.7108782576638403,0.8248647129102538,0.7549272608683323,0.3899782135076253,0.48192156084280974,0.0003914774861186743,ge,0.39
grefcoco,instancevg,Qwen3.8,route,2030,probability,False,0.7843207533909622,0.723991152199189,0.7128548336783598,0.8356174010822968,0.7608825114142302,0.3899782135076253,0.5286560984601424,0.0004941682564094663,ge,0.39
nlvr2,nlvr2,MiniCPM,error,2026,probability,False,0.8352621025494128,0.8419745999856497,0.8415799669943317,0.8993125179031796,0.908301643108273,0.8998854196505299,0.8963191504627969,1.560075907036662e-05,ge,0.9
nlvr2,nlvr2,MiniCPM,error,2027,probability,False,0.8357920366657118,0.8416588935925953,0.8409700796441129,0.8997421942136924,0.9085886489201407,0.9099112002291607,0.908301643108273,0.00012601532216649503,ge,0.91
nlvr2,nlvr2,MiniCPM,error,2028,probability,False,0.8353766828988828,0.83924086962761,0.8393915476788405,0.8997421942136924,0.9071536198608022,0.8599255227728445,0.8617349501327402,1.4528410247294232e-05,ge,0.86
nlvr2,nlvr2,MiniCPM,error,2029,probability,False,0.8358636493841306,0.8424481595752314,0.8416588935925953,0.9000286450873675,0.9079428858434383,0.8299914064737898,0.8246394489488412,0.001538369688205421,ge,0.83
nlvr2,nlvr2,MiniCPM,error,2030,probability,False,0.8362790031509596,0.8417234699002656,0.841429288943101,0.9000286450873675,0.9074406256726699,0.9498710971068461,0.9429575948912966,0.00030057248659431934,ge,0.95
nlvr2,nlvr2,MiniCPM,four_difference,2026,log_ratio,True,0.8359925522772844,0.8425127358829017,0.8415153906866615,0.8998854196505299,0.9081581402023391,0.879977083930106,0.8691253497883332,-2.989978551864624,ge,0.88
nlvr2,nlvr2,MiniCPM,four_difference,2026,probability_difference,False,0.8365654540246348,0.8430221711989668,0.8424266341393414,0.8994557433400172,0.9071536198608022,0.9899742194213692,0.9901700509435316,-0.10858634114265442,ge,0.99
nlvr2,nlvr2,MiniCPM,four_difference,2027,log_ratio,True,0.8359066170151819,0.8422329052163307,0.8412283848747937,0.8997421942136924,0.9077276314845376,0.939988541965053,0.9338451603644974,-5.144361972808838,ge,0.94
nlvr2,nlvr2,MiniCPM,four_difference,2027,probability_difference,False,0.8359352621025494,0.842577312190572,0.8416301930114085,0.8983099398453165,0.9067948625959675,0.9899742194213692,0.9910310683791347,-0.18117938935756683,ge,0.99
nlvr2,nlvr2,MiniCPM,four_difference,2028,log_ratio,True,0.8346748782583787,0.8403243165674106,0.8385735811150176,0.899169292466342,0.9075123771256368,0.9899742194213692,0.9906723111143001,-7.820161819458008,ge,0.99
nlvr2,nlvr2,MiniCPM,four_difference,2028,probability_difference,False,0.8365368089372672,0.8405252206357179,0.8401018870632131,0.8984531652821541,0.9080146372964053,0.9899742194213692,0.9903853053024324,-0.3423033654689789,ge,0.99
nlvr2,nlvr2,MiniCPM,four_difference,2029,log_ratio,True,0.8357633915783443,0.8424768601564182,0.8407189495587286,0.9006015468347178,0.9071536198608022,0.8498997421942137,0.8412857860371673,-3.638676881790161,ge,0.85
nlvr2,nlvr2,MiniCPM,four_difference,2029,probability_difference,False,0.836665711830421,0.8429360694554064,0.8418454473703093,0.8990260670295045,0.9060055966133315,0.9899742194213692,0.9891655306019946,-0.20271095633506775,ge,0.99
nlvr2,nlvr2,MiniCPM,four_difference,2030,log_ratio,True,0.8345316528215411,0.8423907584128579,0.8411638085671235,0.9000286450873675,0.9074406256726699,0.8498997421942137,0.8453756188562819,-3.771627902984619,ge,0.85
nlvr2,nlvr2,MiniCPM,four_difference,2030,probability_difference,False,0.836551131480951,0.8435674822415155,0.8422687809428141,0.8983099398453165,0.9075123771256368,0.9899742194213692,0.9914615770969362,-0.19141565263271332,ge,0.99
nlvr2,nlvr2,MiniCPM,four_ratio,2026,log_ratio,False,0.8362933256946434,0.8420033005668366,0.8414651646695845,0.8993125179031796,0.9077993829375045,0.939988541965053,0.932338379852192,-7.357630252838135,ge,0.94
nlvr2,nlvr2,MiniCPM,four_ratio,2026,probability_difference,True,0.8347894586078488,0.8397646552342686,0.8391906436105331,0.8977370380979662,0.9075841285786037,0.9899742194213692,0.9922508430795723,-0.432656854391098,ge,0.99
nlvr2,nlvr2,MiniCPM,four_ratio,2027,log_ratio,False,0.8359066170151819,0.8422329052163307,0.8412283848747937,0.8997421942136924,0.9077276314845376,0.939988541965053,0.9338451603644974,-5.144361972808838,ge,0.94
nlvr2,nlvr2,MiniCPM,four_ratio,2027,probability_difference,True,0.8359352621025494,0.842577312190572,0.8416301930114085,0.8983099398453165,0.9067948625959675,0.9899742194213692,0.9910310683791347,-0.18117938935756683,ge,0.99
nlvr2,nlvr2,MiniCPM,four_ratio,2028,log_ratio,False,0.8358779719278144,0.8413862380713211,0.840733299849322,0.8994557433400172,0.9075123771256368,0.9699226582641077,0.9676400947119179,-7.614771842956543,ge,0.97
nlvr2,nlvr2,MiniCPM,four_ratio,2028,probability_difference,True,0.8354912632483529,0.8412642606012772,0.8406256726698715,0.8975938126611286,0.9067948625959675,0.9899742194213692,0.9903853053024324,-0.22819791734218597,ge,0.99
nlvr2,nlvr2,MiniCPM,four_ratio,2029,log_ratio,False,0.8364222285877971,0.8426992896606157,0.8419530745497597,0.9000286450873675,0.908229891655306,0.9299627613864222,0.9264547607089043,-6.099917411804199,ge,0.93
nlvr2,nlvr2,MiniCPM,four_ratio,2029,probability_difference,True,0.8346032655399599,0.8417019444643755,0.8411709837124202,0.898166714408479,0.906436105331133,0.9899742194213692,0.9916050800028701,-0.16860052943229675,ge,0.99
nlvr2,nlvr2,MiniCPM,four_ratio,2030,log_ratio,False,0.8356774563162417,0.8417091196096722,0.8410346559517831,0.8997421942136924,0.9080863887493722,0.9299627613864222,0.9296835760924159,-4.7400689125061035,ge,0.93
nlvr2,nlvr2,MiniCPM,four_ratio,2030,probability_difference,True,0.8357347464909768,0.8416804190284853,0.8413360120542441,0.8985963907189917,0.9076558800315706,0.9899742194213692,0.9911745712850685,-0.1725480854511261,ge,0.99
nlvr2,nlvr2,MiniCPM,gain,2026,regression,False,0.8348324262389001,0.840733299849322,0.8403530171485973,0.8985963907189917,0.9067231111430006,0.9899742194213692,0.9903135538494654,-0.21196576952934265,ge,0.99
nlvr2,nlvr2,MiniCPM,gain,2027,regression,False,0.8349040389573188,0.8431656741049007,0.8420320011480232,0.8987396161558293,0.9069383655019014,0.9899742194213692,0.9885197675252924,-0.23289483785629272,ge,0.99
nlvr2,nlvr2,MiniCPM,gain,2028,regression,False,0.8344457175594385,0.8393987228241373,0.8397861806701585,0.8977370380979662,0.9069383655019014,0.9899742194213692,0.9908875654732008,-0.3863624930381775,ge,0.99
nlvr2,nlvr2,MiniCPM,gain,2029,regression,False,0.8354339730736179,0.842319006959891,0.8413790629260243,0.8988828415926668,0.9067231111430006,0.9899742194213692,0.9918203343617709,-0.3368431627750397,ge,0.99
nlvr2,nlvr2,MiniCPM,gain,2030,regression,False,0.8355342308794041,0.8399942598837628,0.8395637511659612,0.8988828415926668,0.9062208509722322,0.9899742194213692,0.9901700509435316,-0.2702803313732147,ge,0.99
nlvr2,nlvr2,MiniCPM,route,2026,probability,False,0.8362360355199083,0.8426777642247256,0.8420894023103968,0.8995989687768547,0.907297122766736,0.879977083930106,0.8772332639735955,9.101400064537302e-05,ge,0.88
nlvr2,nlvr2,MiniCPM,route,2027,probability,False,0.8369235176167288,0.8403530171485973,0.8400875367726197,0.8998854196505299,0.9075841285786037,0.8398739616155829,0.8386309822773911,1.2550027349789161e-05,ge,0.84
nlvr2,nlvr2,MiniCPM,route,2028,probability,False,0.836379260956746,0.8418741479514961,0.8408768027552558,0.8998854196505299,0.9077276314845376,0.9199369808077915,0.9158355456697999,0.0004337143909651786,ge,0.92
nlvr2,nlvr2,MiniCPM,route,2029,probability,False,0.8364079060441134,0.8415010403960681,0.8413073114730574,0.8994557433400172,0.9079428858434383,0.8699513033514752,0.8660400373107555,0.00018013599037658423,ge,0.87
nlvr2,nlvr2,MiniCPM,route,2030,probability,False,0.8363506158693784,0.8418454473703093,0.8413503623448375,0.8997421942136924,0.9072253713137691,0.9299627613864222,0.9272440266915405,0.00011133222869830206,ge,0.93
nlvr2,nlvr2,Qwen3.8,error,2026,probability,False,0.8395875107419077,0.8425701370452752,0.8420176508574299,0.907046691492409,0.9022745210590515,0.7999140647378975,0.8033292674176652,7.230258779600263e-05,ge,0.8
nlvr2,nlvr2,Qwen3.8,error,2027,probability,False,0.8398739616155829,0.8425557867546818,0.8420678768745067,0.9069034660555715,0.9022027696060845,0.7399026067029505,0.7407620004305088,0.00032515457132831216,ge,0.74
nlvr2,nlvr2,Qwen3.8,error,2028,probability,False,0.8388857061014037,0.8408409270287723,0.8405395709263113,0.9069034660555715,0.9036377986654229,0.7199942709825266,0.727559733084595,0.0005172103410586715,ge,0.72
nlvr2,nlvr2,Qwen3.8,error,2029,probability,False,0.8398023488971641,0.8426203630623521,0.8416517184472986,0.9091950730449728,0.9051445791777284,0.7199942709825266,0.7212456052235058,0.004085870459675789,ge,0.72
nlvr2,nlvr2,Qwen3.8,error,2030,probability,False,0.8399169292466342,0.8423046566692977,0.84206070172921,0.9093382984818104,0.9034225443065222,0.8398739616155829,0.8320298486044342,0.0013198753586038947,ge,0.84
nlvr2,nlvr2,Qwen3.8,four_difference,2026,log_ratio,True,0.8395875107419077,0.842505560737605,0.8414149386525077,0.9100544256659983,0.9060773480662984,0.8398739616155829,0.8376264619358542,-5.0886969566345215,ge,0.84
nlvr2,nlvr2,Qwen3.8,four_difference,2026,probability_difference,False,0.8402893153824119,0.8423118318145943,0.8417952213532324,0.9099112002291607,0.9067948625959675,0.9699226582641077,0.9679988519767525,-0.28458863496780396,ge,0.97
nlvr2,nlvr2,Qwen3.8,four_difference,2027,log_ratio,True,0.8398309939845316,0.8434455047714717,0.8417952213532324,0.911200229160699,0.9073688742197029,0.8299914064737898,0.8323886058692689,-4.49802303314209,ge,0.83
nlvr2,nlvr2,Qwen3.8,four_difference,2027,probability_difference,False,0.8411057003723861,0.8443280476429649,0.8430436966348569,0.9084789458607849,0.9039248044772906,0.9799484388427385,0.9771830379565186,-0.25909605622291565,ge,0.98
nlvr2,nlvr2,Qwen3.8,four_difference,2028,log_ratio,True,0.8402320252076769,0.842857142857143,0.8421898543445505,0.9109137782870238,0.9057185908014638,0.8898596390718991,0.8899332711487408,-5.5232343673706055,ge,0.89
nlvr2,nlvr2,Qwen3.8,four_difference,2028,probability_difference,False,0.8405327986250357,0.8428427925665496,0.8427064648059124,0.9086221712976225,0.9059338451603645,0.9598968776854769,0.9595321805266557,-0.23020051419734955,ge,0.96
nlvr2,nlvr2,Qwen3.8,four_difference,2029,log_ratio,True,0.8377112575193354,0.8403243165674106,0.8391188921575662,0.9110570037238613,0.9075841285786037,0.8699513033514752,0.8727846738896463,-4.178714275360107,ge,0.87
nlvr2,nlvr2,Qwen3.8,four_difference,2029,probability_difference,False,0.84134918361501,0.8437970868910096,0.842713639951209,0.9093382984818104,0.9066513596900337,0.9799484388427385,0.9792638300925594,-0.3751336932182312,ge,0.98
nlvr2,nlvr2,Qwen3.8,four_difference,2030,log_ratio,True,0.8398739616155829,0.8430508717801537,0.8415225658319581,0.909481523918648,0.9058620937073976,0.7499283872815812,0.7526727416230179,-3.552999496459961,ge,0.75
nlvr2,nlvr2,Qwen3.8,four_difference,2030,probability_difference,False,0.8405614437124033,0.8431943746860875,0.843086747506637,0.9096247493554855,0.9072253713137691,0.9598968776854769,0.9598909377914903,-0.29492709040641785,ge,0.96
nlvr2,nlvr2,Qwen3.8,four_ratio,2026,log_ratio,False,0.8401460899455743,0.8429647700365933,0.8425916624811652,0.911486680034374,0.9057903422544307,0.8699513033514752,0.8740762000430509,-4.613958835601807,ge,0.87
nlvr2,nlvr2,Qwen3.8,four_ratio,2026,probability_difference,True,0.8399598968776855,0.8428643180024397,0.8431728492501973,0.9093382984818104,0.9052163306306953,0.9699226582641077,0.9662050656525795,-0.29177480936050415,ge,0.97
nlvr2,nlvr2,Qwen3.8,four_ratio,2027,log_ratio,False,0.8398309939845316,0.8434455047714717,0.8417952213532324,0.911200229160699,0.9073688742197029,0.8299914064737898,0.8323886058692689,-4.49802303314209,ge,0.83
nlvr2,nlvr2,Qwen3.8,four_ratio,2027,probability_difference,True,0.8411057003723861,0.8443280476429649,0.8430436966348569,0.9084789458607849,0.9039248044772906,0.9799484388427385,0.9771830379565186,-0.25909605622291565,ge,0.98
nlvr2,nlvr2,Qwen3.8,four_ratio,2028,log_ratio,False,0.8402320252076769,0.842857142857143,0.8421898543445505,0.9109137782870238,0.9057185908014638,0.8898596390718991,0.8899332711487408,-5.5232343673706055,ge,0.89
nlvr2,nlvr2,Qwen3.8,four_ratio,2028,probability_difference,True,0.8405327986250357,0.8428427925665496,0.8427064648059124,0.9086221712976225,0.9059338451603645,0.9598968776854769,0.9595321805266557,-0.23020051419734955,ge,0.96
nlvr2,nlvr2,Qwen3.8,four_ratio,2029,log_ratio,False,0.8403609281008307,0.8435890076774055,0.8421539786180671,0.9090518476081352,0.9054315849895961,0.8898596390718991,0.88505417234699,-4.287631988525391,ge,0.89
nlvr2,nlvr2,Qwen3.8,four_ratio,2029,probability_difference,True,0.839931251790318,0.8430939226519338,0.8421468034727704,0.9089086221712976,0.9070101169548683,0.9598968776854769,0.9522852837769965,-0.22549447417259216,ge,0.96
nlvr2,nlvr2,Qwen3.8,four_ratio,2030,log_ratio,False,0.8398739616155829,0.8430508717801537,0.8415225658319581,0.909481523918648,0.9058620937073976,0.7499283872815812,0.7526727416230179,-3.552999496459961,ge,0.75
nlvr2,nlvr2,Qwen3.8,four_ratio,2030,probability_difference,True,0.8405614437124033,0.8431943746860875,0.843086747506637,0.9096247493554855,0.9072253713137691,0.9598968776854769,0.9598909377914903,-0.29492709040641785,ge,0.96
nlvr2,nlvr2,Qwen3.8,gain,2026,regression,False,0.8387138355771985,0.8416086675755184,0.8416947693190787,0.9077628186765969,0.908229891655306,0.9598968776854769,0.9565903709550119,-0.3106471598148346,ge,0.96
nlvr2,nlvr2,Qwen3.8,gain,2027,regression,False,0.8397593812661128,0.8434096290449882,0.8422759560881108,0.9074763678029218,0.9042118102891583,0.9899742194213692,0.9909593169261678,-0.5174528360366821,ge,0.99
nlvr2,nlvr2,Qwen3.8,gain,2028,regression,False,0.8382555141793182,0.841178158857717,0.8405897969433881,0.9079060441134346,0.9044270646480591,0.9598968776854769,0.9580971514673172,-0.30899009108543396,ge,0.96
nlvr2,nlvr2,Qwen3.8,gain,2029,regression,False,0.8393583500429677,0.8422903063787043,0.8414436392336946,0.9080492695502721,0.906436105331133,0.9598968776854769,0.958240654373251,-0.26885250210762024,ge,0.96
nlvr2,nlvr2,Qwen3.8,gain,2030,regression,False,0.8400171870524206,0.8422544306522207,0.8415153906866614,0.9081924949871097,0.9041400588361914,0.9899742194213692,0.9887350218841932,-0.38928309082984924,ge,0.99
nlvr2,nlvr2,Qwen3.8,route,2026,probability,False,0.8397593812661128,0.8429575948912966,0.8427351653870991,0.907046691492409,0.9026332783238861,0.7999140647378975,0.798880677333716,5.027784573030658e-05,ge,0.8
nlvr2,nlvr2,Qwen3.8,route,2027,probability,False,0.8394299627613864,0.8425557867546819,0.8420822271651001,0.9089086221712976,0.9038530530243237,0.7099684904038958,0.7066800602712205,0.002013248624280095,ge,0.71
nlvr2,nlvr2,Qwen3.8,route,2028,probability,False,0.8389573188198224,0.8418454473703093,0.841967424840353,0.9077628186765969,0.9040683073832245,0.8498997421942137,0.8416445433020019,0.00028116285102441907,ge,0.85
nlvr2,nlvr2,Qwen3.8,route,2029,probability,False,0.8398023488971642,0.8431513238143074,0.8427208150965058,0.909481523918648,0.9042118102891583,0.759954167860212,0.7583411064074047,0.0012565479846671224,ge,0.76
nlvr2,nlvr2,Qwen3.8,route,2030,probability,False,0.8398739616155829,0.8427136399512091,0.842225730071034,0.9081924949871097,0.9048575733658607,0.7499283872815812,0.7474348855564326,0.0009504365734755993,ge,0.75
construction,rtdetr_x_fp32,MiniCPM,error,2026,probability,False,0.10798165974959693,0.11265667917538302,0.11450855730399546,0.21812181923959445,0.22911930648923418,0.7788873038516405,0.7922769640479361,0.059129804372787476,ge,0.78
construction,rtdetr_x_fp32,MiniCPM,error,2027,probability,False,0.10705388899535563,0.11345416132823648,0.11315340055462031,0.21943098196525596,0.2291253763040382,0.7689015691868759,0.7792942743009321,0.19002777338027954,ge,0.77
construction,rtdetr_x_fp32,MiniCPM,error,2028,probability,False,0.10857857718364279,0.11163610251969724,0.11395379812222817,0.21932024888034976,0.22564073213107894,0.7489300998573466,0.7566577896138482,0.22662235796451569,ge,0.75
construction,rtdetr_x_fp32,MiniCPM,error,2029,probability,False,0.10382509712996263,0.11156731257861378,0.11273905726146491,0.21814890968677128,0.22990350770895734,0.7788873038516405,0.7899467376830892,0.008460866287350655,ge,0.78
construction,rtdetr_x_fp32,MiniCPM,error,2030,probability,False,0.10703461303967125,0.11208780440303191,0.112737441980419,0.21943098196525596,0.22949232168893552,0.7689015691868759,0.7809587217043942,0.18727901577949524,ge,0.77
construction,rtdetr_x_fp32,MiniCPM,four_difference,2026,log_ratio,True,0.10417398823129682,0.10403198946200061,0.1039483271683989,0.2207269708303888,0.22271604145525356,0.7589158345221113,0.7699733688415447,-0.08936488628387451,ge,0.76
construction,rtdetr_x_fp32,MiniCPM,four_difference,2026,probability_difference,False,0.10455797932281947,0.10763255589308596,0.1118377754010868,0.2207269708303888,0.22151919702262796,0.7589158345221113,0.7683089214380826,-0.01648801565170288,ge,0.76
construction,rtdetr_x_fp32,MiniCPM,four_difference,2027,log_ratio,True,0.10039291708298954,0.10867828547189472,0.11387033192391746,0.21840948617358796,0.23009498853111496,0.7788873038516405,0.7892809587217043,-1.0986450910568237,ge,0.78
construction,rtdetr_x_fp32,MiniCPM,four_difference,2027,probability_difference,False,0.10304587640569697,0.11123146409341321,0.11297984898228418,0.2191270620579996,0.22590669255486498,0.7888730385164051,0.7939414114513982,-0.08512895554304123,ge,0.79
construction,rtdetr_x_fp32,MiniCPM,four_difference,2028,log_ratio,True,0.110867343614074,0.1010151913629908,0.10126861974876791,0.2180381294788074,0.23358243652893326,0.7689015691868759,0.7806258322237017,-0.316249281167984,ge,0.77
construction,rtdetr_x_fp32,MiniCPM,four_difference,2028,probability_difference,False,0.1022278994548627,0.11147913524581093,0.11367374377343961,0.2193613683209817,0.23706753735104394,0.7788873038516405,0.7942743009320905,-0.0833086222410202,ge,0.78
construction,rtdetr_x_fp32,MiniCPM,four_difference,2029,log_ratio,True,0.10509645695324267,0.09858743445299838,0.09880324326759393,0.21754518867203937,0.2312189038829086,0.7689015691868759,0.7809587217043942,-0.3547515273094177,ge,0.77
construction,rtdetr_x_fp32,MiniCPM,four_difference,2029,probability_difference,False,0.10651028970648257,0.10674970199694214,0.10863983473996808,0.2170841805238287,0.23031420481265008,0.8487874465049928,0.8538615179760319,-0.15434026718139648,ge,0.85
construction,rtdetr_x_fp32,MiniCPM,four_difference,2030,log_ratio,True,0.10781922601926675,0.10607949881755499,0.10838834043973575,0.2209509348306372,0.22460153595485094,0.7689015691868759,0.7736351531291611,-0.2931842505931854,ge,0.77
construction,rtdetr_x_fp32,MiniCPM,four_difference,2030,probability_difference,False,0.10400148472959976,0.11431797470050066,0.11764170311983775,0.2193613683209817,0.23057666691849263,0.7788873038516405,0.7899467376830892,-0.17031188309192657,ge,0.78
construction,rtdetr_x_fp32,MiniCPM,four_ratio,2026,log_ratio,False,0.10591010867846867,0.11347960659845076,0.11371991501789111,0.21929256887137727,0.2301404923989437,0.7788873038516405,0.7902796271637816,-1.3436588048934937,ge,0.78
construction,rtdetr_x_fp32,MiniCPM,four_ratio,2026,probability_difference,True,0.10190966800748241,0.11328196655631823,0.11665197577374897,0.21943098196525596,0.22955418669669722,0.7788873038516405,0.7912782956058588,-0.10884908586740494,ge,0.78
construction,rtdetr_x_fp32,MiniCPM,four_ratio,2027,log_ratio,False,0.11125107118984306,0.0993285476071516,0.09925464014723498,0.22179252080355524,0.23149038799614485,0.7689015691868759,0.7819573901464714,-0.2739071249961853,ge,0.77
construction,rtdetr_x_fp32,MiniCPM,four_ratio,2027,probability_difference,True,0.10085403372851058,0.11361688725214963,0.11408743030663096,0.21707572173874692,0.23467218901838918,0.7888730385164051,0.7969374167776299,-0.06965917348861694,ge,0.79
construction,rtdetr_x_fp32,MiniCPM,four_ratio,2028,log_ratio,False,0.11164238532826157,0.09862809226873387,0.09857810065933705,0.2180381294788074,0.23000559721303715,0.7689015691868759,0.783288948069241,-0.4775036573410034,ge,0.77
construction,rtdetr_x_fp32,MiniCPM,four_ratio,2028,probability_difference,True,0.09963952312941046,0.10495152345227951,0.1096796379008783,0.21789807345639844,0.22815985212860396,0.7788873038516405,0.7976031957390146,-0.10890354216098785,ge,0.78
construction,rtdetr_x_fp32,MiniCPM,four_ratio,2029,log_ratio,False,0.10534498133534209,0.11306924805448078,0.1159512188647017,0.2183127947773642,0.22973658816108528,0.7788873038516405,0.7866178428761651,-0.9724206328392029,ge,0.78
construction,rtdetr_x_fp32,MiniCPM,four_ratio,2029,probability_difference,True,0.10212169500654901,0.11081968938551227,0.11279806994672872,0.2162842419001542,0.2255677122416803,0.8687589158345221,0.8731691078561917,-0.09747463464736938,ge,0.87
construction,rtdetr_x_fp32,MiniCPM,four_ratio,2030,log_ratio,False,0.11010936730135382,0.09783939001626635,0.09855972081968792,0.21751729735926367,0.23393609676645558,0.7689015691868759,0.7816245006657789,-0.37025827169418335,ge,0.77
construction,rtdetr_x_fp32,MiniCPM,four_ratio,2030,probability_difference,True,0.10228453674116161,0.10547291811342843,0.10829981057514294,0.2168469081294761,0.23555935306461712,0.7988587731811697,0.8112516644474035,-0.1065693274140358,ge,0.8
construction,rtdetr_x_fp32,MiniCPM,gain,2026,regression,False,0.10227600542887572,0.1133331577300786,0.1146512704435424,0.22059418705946607,0.22715438341479213,0.7589158345221113,0.7726364846870839,-0.026349209249019623,ge,0.76
construction,rtdetr_x_fp32,MiniCPM,gain,2027,regression,False,0.11502105264565711,0.11865112377735795,0.11799666857398437,0.21822410339870008,0.22820625410619372,0.8088445078459344,0.813249001331558,-0.014458496123552322,ge,0.81
construction,rtdetr_x_fp32,MiniCPM,gain,2028,regression,False,0.10140327488071836,0.11124410594674533,0.1153412637266712,0.22088915363632028,0.22799329390180714,0.7589158345221113,0.7733022636484687,0.0010181870311498642,ge,0.76
construction,rtdetr_x_fp32,MiniCPM,gain,2029,regression,False,0.10631346314988693,0.12024770793777992,0.1208325202716409,0.2160644686273638,0.2303989154626947,0.8487874465049928,0.8521970705725699,-0.18803671002388,ge,0.85
construction,rtdetr_x_fp32,MiniCPM,gain,2030,regression,False,0.10434423873185297,0.11597852679510554,0.11796780229333237,0.2181659282972604,0.2296097308251386,0.7788873038516405,0.7879494007989347,-0.05549885332584381,ge,0.78
construction,rtdetr_x_fp32,MiniCPM,route,2026,probability,False,0.1094914144002768,0.10955210009460677,0.11203517976395429,0.2173202614379085,0.22985341505614795,0.7788873038516405,0.7912782956058588,0.07960143685340881,ge,0.78
construction,rtdetr_x_fp32,MiniCPM,route,2027,probability,False,0.10750863454602093,0.10813482872103479,0.11247483815388529,0.22421375899802484,0.23355419176449477,0.7589158345221113,0.7726364846870839,0.1589115858078003,ge,0.76
construction,rtdetr_x_fp32,MiniCPM,route,2028,probability,False,0.11029595989967605,0.11415672797621425,0.11543694541684765,0.22544113943695793,0.2365291826102373,0.7489300998573466,0.7579893475366178,0.14587557315826416,ge,0.75
construction,rtdetr_x_fp32,MiniCPM,route,2029,probability,False,0.10366246683590916,0.10941972417007215,0.11249123903253086,0.21812181923959445,0.22985842654118172,0.7788873038516405,0.7916111850865513,0.04558877646923065,ge,0.78
construction,rtdetr_x_fp32,MiniCPM,route,2030,probability,False,0.10943499028822667,0.11024970967770964,0.1153920163545464,0.22542338890164193,0.23488097945018452,0.7589158345221113,0.771970705725699,0.17386986315250397,ge,0.76
construction,rtdetr_x_fp32,Qwen3.8,error,2026,probability,False,0.12039378593731341,0.11331040657120152,0.1157610948909677,0.26944205800380894,0.2699784556262035,0.8088445078459344,0.8152463382157124,0.0440121591091156,ge,0.81
construction,rtdetr_x_fp32,Qwen3.8,error,2027,probability,False,0.1199614628289603,0.11991445869575061,0.12168465202843265,0.26803712803712804,0.27268636672844154,0.7788873038516405,0.7952729693741678,0.014608846046030521,ge,0.78
construction,rtdetr_x_fp32,Qwen3.8,error,2028,probability,False,0.12177569282139204,0.11762245618432621,0.12187637338050852,0.2686150371322641,0.26886816407237546,0.7689015691868759,0.7792942743009321,0.20549169182777405,ge,0.77
construction,rtdetr_x_fp32,Qwen3.8,error,2029,probability,False,0.12061492278324251,0.1165348638837826,0.1207885363902005,0.2686150371322641,0.2694287519691638,0.7689015691868759,0.7809587217043942,0.20376545190811157,ge,0.77
construction,rtdetr_x_fp32,Qwen3.8,error,2030,probability,False,0.12015661202658363,0.11813198404278928,0.12197926599192044,0.2679037995789213,0.26985843727468783,0.7689015691868759,0.7812916111850865,0.19904620945453644,ge,0.77
construction,rtdetr_x_fp32,Qwen3.8,four_difference,2026,log_ratio,True,0.11034137605622484,0.09502280825624436,0.09312195995743873,0.2699586861016554,0.26910436104030006,0.7988587731811697,0.8102529960053262,-0.08189237117767334,ge,0.8
construction,rtdetr_x_fp32,Qwen3.8,four_difference,2026,probability_difference,False,0.11325378160549135,0.11911714184391976,0.12435106299175834,0.2699586861016554,0.2692688947733183,0.7988587731811697,0.8099201065246339,-0.0004259832203388214,ge,0.8
construction,rtdetr_x_fp32,Qwen3.8,four_difference,2027,log_ratio,True,0.13096425070410553,0.10976185583726535,0.10823245045562856,0.27453926046943244,0.2677107689812078,0.818830242510699,0.8195739014647138,-0.17494702339172363,ge,0.82
construction,rtdetr_x_fp32,Qwen3.8,four_difference,2027,probability_difference,False,0.1184969737010214,0.11915988751172547,0.12297109326457535,0.2738229314922339,0.26776779485961383,0.818830242510699,0.8202396804260985,-0.007923062890768051,ge,0.82
construction,rtdetr_x_fp32,Qwen3.8,four_difference,2028,log_ratio,True,0.11221843316112176,0.10602473813026195,0.10449699179671162,0.2696894259027477,0.26993270137266917,0.7888730385164051,0.7986018641810919,-1.3913800716400146,ge,0.79
construction,rtdetr_x_fp32,Qwen3.8,four_difference,2028,probability_difference,False,0.11510912726571669,0.10672096491235614,0.11036458545687358,0.2699586861016554,0.27017380559026777,0.7888730385164051,0.7936085219707057,-0.0023735486902296543,ge,0.79
construction,rtdetr_x_fp32,Qwen3.8,four_difference,2029,log_ratio,True,0.10926994271756382,0.10212893130727205,0.10596226564035197,0.2700096064066652,0.2677230846635817,0.818830242510699,0.8242343541944075,-1.4155470132827759,ge,0.82
construction,rtdetr_x_fp32,Qwen3.8,four_difference,2029,probability_difference,False,0.11098022125339418,0.11974805231661778,0.12196493903895703,0.2699586861016554,0.268624728799547,0.8088445078459344,0.8239014647137151,-0.00946833472698927,ge,0.81
construction,rtdetr_x_fp32,Qwen3.8,four_difference,2030,log_ratio,True,0.11709328685605169,0.11238358271130114,0.11294932185723938,0.2722115247468264,0.2673676620788535,0.8388017118402282,0.8362183754993342,-0.5787290930747986,ge,0.84
construction,rtdetr_x_fp32,Qwen3.8,four_difference,2030,probability_difference,False,0.12053288649557378,0.11823746710794934,0.12295913434654906,0.27318166973339386,0.26663932165812865,0.8288159771754636,0.8258988015978695,-0.015626760199666023,ge,0.83
construction,rtdetr_x_fp32,Qwen3.8,four_ratio,2026,log_ratio,False,0.12820312351577445,0.09902454720960482,0.09900601359401771,0.2693115545451994,0.27051015600234996,0.7788873038516405,0.7909454061251664,-0.9575721621513367,ge,0.78
construction,rtdetr_x_fp32,Qwen3.8,four_ratio,2026,probability_difference,True,0.10371633787367057,0.11486852991210213,0.11545107659649317,0.2720493854628622,0.26846091394620314,0.8288159771754636,0.8288948069241012,-0.02662026882171631,ge,0.83
construction,rtdetr_x_fp32,Qwen3.8,four_ratio,2027,log_ratio,False,0.13096425070410553,0.10976185583726535,0.10823245045562856,0.27453926046943244,0.2677107689812078,0.818830242510699,0.8195739014647138,-0.17494702339172363,ge,0.82
construction,rtdetr_x_fp32,Qwen3.8,four_ratio,2027,probability_difference,True,0.1184969737010214,0.11915988751172547,0.12297109326457535,0.2738229314922339,0.26776779485961383,0.818830242510699,0.8202396804260985,-0.007923062890768051,ge,0.82
construction,rtdetr_x_fp32,Qwen3.8,four_ratio,2028,log_ratio,False,0.12490734525868222,0.09916794146260717,0.10077312127534066,0.2697705209900332,0.2684788215570028,0.818830242510699,0.8212383488681758,-1.3686586618423462,ge,0.82
construction,rtdetr_x_fp32,Qwen3.8,four_ratio,2028,probability_difference,True,0.10654845382696372,0.11768072431881688,0.1198051991826763,0.27020636527215475,0.26884986632848556,0.8587731811697575,0.8641810918774967,-0.0331578254699707,ge,0.86
construction,rtdetr_x_fp32,Qwen3.8,four_ratio,2029,log_ratio,False,0.12596242054282145,0.1129213349435225,0.11172901112275058,0.2731513743708866,0.26778655496410875,0.8288159771754636,0.8249001331557922,0.05315309762954712,ge,0.83
construction,rtdetr_x_fp32,Qwen3.8,four_ratio,2029,probability_difference,True,0.10851950827289983,0.11795652459841306,0.11887033683261619,0.2731513743708866,0.2675134251843376,0.8288159771754636,0.8272303595206392,0.0009714104235172272,ge,0.83
construction,rtdetr_x_fp32,Qwen3.8,four_ratio,2030,log_ratio,False,0.12041981142411713,0.099844965927226,0.10117823891399735,0.2693115545451994,0.2703438042302786,0.7788873038516405,0.7899467376830892,-0.8490487337112427,ge,0.78
construction,rtdetr_x_fp32,Qwen3.8,four_ratio,2030,probability_difference,True,0.10424930254708085,0.11704944317152478,0.12051950836714966,0.27005354160526573,0.2690915793229438,0.818830242510699,0.8235685752330226,-0.02198227494955063,ge,0.82
construction,rtdetr_x_fp32,Qwen3.8,gain,2026,regression,False,0.11461043447688607,0.10736279456956735,0.108425186515875,0.267925415931338,0.27082164595102265,0.7788873038516405,0.7926098535286284,0.18016111850738525,ge,0.78
construction,rtdetr_x_fp32,Qwen3.8,gain,2027,regression,False,0.11340701932374346,0.11664880682569982,0.12127650863040235,0.27174992117664104,0.26793884750142727,0.8288159771754636,0.8249001331557922,-0.04774220287799835,ge,0.83
construction,rtdetr_x_fp32,Qwen3.8,gain,2028,regression,False,0.12040957038651784,0.12294365489488415,0.12179059597820625,0.2695166476972549,0.2719292081853759,0.7988587731811697,0.7989347536617842,0.08590328693389893,ge,0.8
construction,rtdetr_x_fp32,Qwen3.8,gain,2029,regression,False,0.10908574026810577,0.11695457110058574,0.12020874903351958,0.2704520130990719,0.26852697407753484,0.818830242510699,0.8212383488681758,-0.021960698068141937,ge,0.82
construction,rtdetr_x_fp32,Qwen3.8,gain,2030,regression,False,0.10673778415869332,0.11357903282934012,0.11820678089270939,0.27274440570380254,0.2680022169416302,0.8288159771754636,0.8378828229027963,-0.016868319362401962,ge,0.83
construction,rtdetr_x_fp32,Qwen3.8,route,2026,probability,False,0.11588539743356142,0.11588329698868416,0.11759697784415424,0.26845414221561015,0.2721126205953094,0.7788873038516405,0.7929427430093209,0.07033984363079071,ge,0.78
construction,rtdetr_x_fp32,Qwen3.8,route,2027,probability,False,0.11614938507087924,0.11777232314428779,0.12005583116546811,0.2685446644347383,0.2722277873783231,0.7689015691868759,0.7802929427430093,0.13405601680278778,ge,0.77
construction,rtdetr_x_fp32,Qwen3.8,route,2028,probability,False,0.1226251153324313,0.12091240794202765,0.12345536042150987,0.267925415931338,0.27012282177874536,0.7689015691868759,0.7822902796271638,0.10965022444725037,ge,0.77
construction,rtdetr_x_fp32,Qwen3.8,route,2029,probability,False,0.11554597977650932,0.11803881530628267,0.1209455883754125,0.26803712803712804,0.27385426168681254,0.7788873038516405,0.7899467376830892,0.014448748901486397,ge,0.78
construction,rtdetr_x_fp32,Qwen3.8,route,2030,probability,False,0.11389842157783937,0.11530039496390766,0.11917490059335592,0.2693115545451994,0.2719188933134367,0.7689015691868759,0.7796271637816246,0.13787509500980377,ge,0.77
nlvr2,vilt,MiniCPM,error,2026,probability,False,0.7926382125465483,0.799138982564397,0.8006242376408123,0.8984531652821541,0.9066513596900337,0.9899742194213692,0.9853627035947478,2.4283915536216227e-06,ge,0.99
nlvr2,vilt,MiniCPM,error,2027,probability,False,0.7919793755370954,0.7990815814020235,0.8008753677261964,0.8990260670295045,0.9069383655019014,0.9699226582641077,0.9651287938580756,4.422461643116549e-06,ge,0.97
nlvr2,vilt,MiniCPM,error,2028,probability,False,0.7929962761386422,0.7981201119322666,0.8001148023247471,0.8990260670295045,0.9071536198608022,0.9899742194213692,0.9902418023964985,4.1207282689917306e-17,ge,0.99
nlvr2,vilt,MiniCPM,error,2029,probability,False,0.7928530507018046,0.7997560450599126,0.8012556504269212,0.899169292466342,0.9071536198608022,0.9899742194213692,0.9881610102604578,2.1061083316453733e-05,ge,0.99
nlvr2,vilt,MiniCPM,error,2030,probability,False,0.7924376969349757,0.7990241802396498,0.8009112434526799,0.8987396161558293,0.9070818684078352,0.9899742194213692,0.9878022529956232,2.7660298655973747e-06,ge,0.99
nlvr2,vilt,MiniCPM,four_difference,2026,log_ratio,True,0.7941420796333428,0.801026045777427,0.8017866111788764,0.8985963907189917,0.9067948625959675,0.9799484388427385,0.9812728707756332,-7.513500213623047,ge,0.98
nlvr2,vilt,MiniCPM,four_difference,2026,probability_difference,False,0.7935118877112576,0.8008466671450097,0.8019659898112936,0.897450587224291,0.9056468393484968,0.9899742194213692,0.9898830451316639,-0.15563204884529114,ge,0.99
nlvr2,vilt,MiniCPM,four_difference,2027,log_ratio,True,0.7934689200802062,0.8007820908373395,0.801750735452393,0.8993125179031796,0.9070818684078352,0.9899742194213692,0.9895960393197962,-4.813183784484863,ge,0.99
nlvr2,vilt,MiniCPM,four_difference,2027,probability_difference,False,0.7938126611286165,0.8001578531965273,0.8012915261534046,0.8983099398453165,0.9057185908014638,0.9899742194213692,0.9882327617134247,-0.1142226904630661,ge,0.99
nlvr2,vilt,MiniCPM,four_difference,2028,log_ratio,True,0.7933400171870524,0.7994905646839349,0.8016144076917557,0.8985963907189917,0.9071536198608022,0.9899742194213692,0.989811293678697,-10.380939483642578,ge,0.99
nlvr2,vilt,MiniCPM,four_difference,2028,probability_difference,False,0.7934689200802063,0.7997416947693191,0.8014493793499319,0.8977370380979662,0.906364353878166,0.9899742194213692,0.9908875654732008,-0.2333981692790985,ge,0.99
nlvr2,vilt,MiniCPM,four_difference,2029,log_ratio,True,0.7941277570896591,0.799232259453254,0.8014063284781516,0.8988828415926668,0.9067231111430006,0.9799484388427385,0.978689818468824,-11.480510711669922,ge,0.98
nlvr2,vilt,MiniCPM,four_difference,2029,probability_difference,False,0.7938269836723002,0.8003946329913181,0.8014996053670087,0.8973073617874534,0.9061490995192653,0.9899742194213692,0.9906005596613331,-0.18295258283615112,ge,0.99
nlvr2,vilt,MiniCPM,four_difference,2030,log_ratio,True,0.7938269836723002,0.8004879098801752,0.8016718088541294,0.8987396161558293,0.9072253713137691,0.9899742194213692,0.9913180741910024,-6.187008857727051,ge,0.99
nlvr2,vilt,MiniCPM,four_difference,2030,probability_difference,False,0.7940274992838728,0.8000430508717802,0.8016502834182392,0.8971641363506159,0.9070101169548683,0.9899742194213692,0.9908158140202339,-0.15542080998420715,ge,0.99
nlvr2,vilt,MiniCPM,four_ratio,2026,log_ratio,False,0.7941420796333428,0.801026045777427,0.8017866111788764,0.8985963907189917,0.9067948625959675,0.9799484388427385,0.9812728707756332,-7.513500213623047,ge,0.98
nlvr2,vilt,MiniCPM,four_ratio,2026,probability_difference,True,0.7935118877112576,0.8008466671450097,0.8019659898112936,0.897450587224291,0.9056468393484968,0.9899742194213692,0.9898830451316639,-0.15563204884529114,ge,0.99
nlvr2,vilt,MiniCPM,four_ratio,2027,log_ratio,False,0.7937124033228302,0.7994116380856712,0.8002726555212742,0.8988828415926668,0.9068666140489345,0.9799484388427385,0.979550835904427,-18.18950843811035,ge,0.98
nlvr2,vilt,MiniCPM,four_ratio,2027,probability_difference,True,0.7930249212260096,0.7987730501542657,0.7994833895386382,0.8968776854769407,0.9062926024251992,0.9899742194213692,0.9906005596613331,-0.35407698154449463,ge,0.99
nlvr2,vilt,MiniCPM,four_ratio,2028,log_ratio,False,0.7939272414780865,0.8005237856066586,0.8021955944607878,0.8990260670295045,0.9071536198608022,0.9899742194213692,0.98973954222573,-7.835921287536621,ge,0.99
nlvr2,vilt,MiniCPM,four_ratio,2028,probability_difference,True,0.7929389859639072,0.7995407907010117,0.8009758197603501,0.8965912346032655,0.9043553131950922,0.9799484388427385,0.9812728707756332,-0.16742494702339172,ge,0.98
nlvr2,vilt,MiniCPM,four_ratio,2029,log_ratio,False,0.7948152391864796,0.8013417521704815,0.8026691540503694,0.899169292466342,0.9074406256726699,0.9899742194213692,0.9884480160723255,-11.320954322814941,ge,0.99
nlvr2,vilt,MiniCPM,four_ratio,2029,probability_difference,True,0.7936694356917788,0.8000717514529669,0.8014493793499319,0.8970209109137783,0.9059338451603645,0.9899742194213692,0.9914615770969362,-0.22513195872306824,ge,0.99
nlvr2,vilt,MiniCPM,four_ratio,2030,log_ratio,False,0.793841306215984,0.8013274018798882,0.8021884193154911,0.8990260670295045,0.9069383655019014,0.9799484388427385,0.9822773911171702,-9.19042682647705,ge,0.98
nlvr2,vilt,MiniCPM,four_ratio,2030,probability_difference,True,0.7934402749928386,0.8007390399655594,0.8019014135036234,0.8984531652821541,0.9069383655019014,0.9899742194213692,0.9911028198321016,-0.1698741316795349,ge,0.99
nlvr2,vilt,MiniCPM,gain,2026,regression,False,0.7930249212260098,0.7991318074191003,0.8004305087178015,0.8973073617874534,0.9052880820836622,0.9899742194213692,0.9904570567553993,-0.15253251791000366,ge,0.99
nlvr2,vilt,MiniCPM,gain,2027,regression,False,0.7927527928960183,0.7987945755901558,0.8002296046494941,0.8970209109137783,0.9053598335366291,0.9899742194213692,0.9872999928248547,-0.11346326023340225,ge,0.99
nlvr2,vilt,MiniCPM,gain,2028,regression,False,0.7936551131480951,0.8001148023247471,0.8008681925808998,0.8973073617874534,0.9062926024251992,0.9899742194213692,0.9911745712850685,-0.1503293514251709,ge,0.99
nlvr2,vilt,MiniCPM,gain,2029,regression,False,0.7937410484101977,0.7983497165817608,0.8001363277606371,0.8967344600401032,0.9055750878955299,0.9899742194213692,0.9921073401736386,-0.2225644588470459,ge,0.99
nlvr2,vilt,MiniCPM,gain,2030,regression,False,0.7932111142938986,0.7998062710769894,0.8010045203415369,0.8967344600401032,0.9052163306306953,0.9899742194213692,0.9913898256439693,-0.11570084095001221,ge,0.99
nlvr2,vilt,MiniCPM,route,2026,probability,False,0.7929676310512747,0.799418813230968,0.8005022601707685,0.8990260670295045,0.906436105331133,0.9899742194213692,0.9868694841070532,2.094150131082273e-10,ge,0.99
nlvr2,vilt,MiniCPM,route,2027,probability,False,0.7931395015754799,0.800373107555428,0.8020090406830739,0.8987396161558293,0.9056468393484968,0.9699226582641077,0.9662768171055464,1.948114913830068e-08,ge,0.97
nlvr2,vilt,MiniCPM,route,2028,probability,False,0.7930535663133772,0.8002439549400876,0.8018511874865466,0.8990260670295045,0.9070101169548683,0.9899742194213692,0.9883045131663917,3.0138309625726833e-08,ge,0.99
nlvr2,vilt,MiniCPM,route,2029,probability,False,0.7930105986823259,0.7988950276243094,0.800559661333142,0.8987396161558293,0.9067948625959675,0.9899742194213692,0.9900982994905647,5.493770913744811e-07,ge,0.99
nlvr2,vilt,MiniCPM,route,2030,probability,False,0.7932540819249498,0.7988161010260458,0.8008251417091197,0.8988828415926668,0.9066513596900337,0.9899742194213692,0.987945755901557,2.1658902369381394e-06,ge,0.99
nlvr2,vilt,Qwen3.8,error,2026,probability,False,0.7942423374391292,0.7992824854703309,0.8009471191791634,0.9040389573188198,0.9001937289230106,0.9899742194213692,0.9853627035947478,2.4283915536216227e-06,ge,0.99
nlvr2,vilt,Qwen3.8,error,2027,probability,False,0.7938699513033515,0.7992824854703309,0.8009829949056468,0.904325408192495,0.9005524861878453,0.9899742194213692,0.9904570567553993,2.1695223040296696e-06,ge,0.99
nlvr2,vilt,Qwen3.8,error,2028,probability,False,0.7936264680607276,0.7988950276243094,0.8006098873502188,0.9047550845030078,0.9003372318289445,0.9799484388427385,0.9822773911171702,0.00011319875193294138,ge,0.98
nlvr2,vilt,Qwen3.8,error,2029,probability,False,0.7944714981380694,0.800279830666571,0.8015785319652723,0.9046118590661701,0.9002654803759776,0.9699226582641077,0.9689316208653225,0.00015893796808086336,ge,0.97
nlvr2,vilt,Qwen3.8,error,2030,probability,False,0.7940991120022916,0.7991174571285069,0.8009040683073833,0.9050415353766829,0.9004089832819114,0.9899742194213692,0.9878022529956232,2.7660298655973747e-06,ge,0.99
nlvr2,vilt,Qwen3.8,four_difference,2026,log_ratio,True,0.7971068461758808,0.8012484752816246,0.8016287579823491,0.9046118590661701,0.9002654803759776,0.9899742194213692,0.9915333285499032,-18.6831111907959,ge,0.99
nlvr2,vilt,Qwen3.8,four_difference,2026,probability_difference,False,0.7970925236321971,0.801284351008108,0.8021094927172275,0.9054712116871957,0.9028485326827869,0.9899742194213692,0.9898830451316639,-0.7896829843521118,ge,0.99
nlvr2,vilt,Qwen3.8,four_difference,2027,log_ratio,True,0.7958034947006588,0.8028772332639736,0.8027193800674464,0.9047550845030078,0.8996914687522423,0.9799484388427385,0.977757049580254,-11.819299697875977,ge,0.98
nlvr2,vilt,Qwen3.8,four_difference,2027,probability_difference,False,0.7967487825837869,0.8018655377771401,0.8026476286144795,0.9067602406187338,0.9034942957594891,0.9899742194213692,0.9890937791490277,-0.6514462232589722,ge,0.99
nlvr2,vilt,Qwen3.8,four_difference,2028,log_ratio,True,0.796089945574334,0.8021381932984143,0.8035301714859726,0.9046118590661701,0.9000502260170768,0.9899742194213692,0.9908158140202339,-12.309871673583984,ge,0.99
nlvr2,vilt,Qwen3.8,four_difference,2028,probability_difference,False,0.7958178172443426,0.8010116954868337,0.8027839563751166,0.9071899169292467,0.9034225443065222,0.9899742194213692,0.9881610102604578,-0.6827153563499451,ge,0.99
nlvr2,vilt,Qwen3.8,four_difference,2029,log_ratio,True,0.7963477513606416,0.8034655951783025,0.8040109062208509,0.9046118590661701,0.8997632202052092,0.939988541965053,0.9383655019014135,-9.78353500366211,ge,0.94
nlvr2,vilt,Qwen3.8,four_difference,2029,probability_difference,False,0.7959896877685476,0.802425199110282,0.8033292674176653,0.9064737897450588,0.9037813015713568,0.9799484388427385,0.9776852981272871,-0.4852448105812073,ge,0.98
nlvr2,vilt,Qwen3.8,four_difference,2030,log_ratio,True,0.7963334288169579,0.802145368443711,0.8023606228026117,0.905327986250358,0.9004089832819114,0.9699226582641077,0.9715146731721317,-12.531599044799805,ge,0.97
nlvr2,vilt,Qwen3.8,four_difference,2030,probability_difference,False,0.7967201374964193,0.8007749156920428,0.8017794360335797,0.9071899169292467,0.901772260888283,0.9899742194213692,0.9911745712850685,-0.5994459390640259,ge,0.99
nlvr2,vilt,Qwen3.8,four_ratio,2026,log_ratio,False,0.7971927814379833,0.801700509435316,0.8024682499820621,0.9051847608135205,0.9002654803759776,0.9799484388427385,0.9817033794934348,-12.83373737335205,ge,0.98
nlvr2,vilt,Qwen3.8,four_ratio,2026,probability_difference,True,0.7964623317101117,0.8008968931620866,0.8023247470761282,0.9060441134345459,0.9038530530243237,0.9899742194213692,0.9901700509435316,-0.49320393800735474,ge,0.99
nlvr2,vilt,Qwen3.8,four_ratio,2027,log_ratio,False,0.7963191062732742,0.803896103896104,0.8042620363062352,0.9047550845030078,0.9006242376408122,0.9899742194213692,0.9911745712850685,-8.281852722167969,ge,0.99
nlvr2,vilt,Qwen3.8,four_ratio,2027,probability_difference,True,0.7959610426811801,0.8023749730932052,0.8035229963406759,0.9060441134345459,0.9032790414005883,0.9899742194213692,0.9892372820549616,-0.2945282459259033,ge,0.99
nlvr2,vilt,Qwen3.8,four_ratio,2028,log_ratio,False,0.7962331710111715,0.8024180239649854,0.8040467819473345,0.905327986250358,0.9004807347348783,0.9899742194213692,0.9923943459855062,-9.808849334716797,ge,0.99
nlvr2,vilt,Qwen3.8,four_ratio,2028,probability_difference,True,0.7948868519048983,0.8011336729568774,0.8023032216402382,0.9069034660555715,0.9025615268709192,0.9899742194213692,0.9868694841070532,-0.6343045234680176,ge,0.99
nlvr2,vilt,Qwen3.8,four_ratio,2029,log_ratio,False,0.7966914924090518,0.8019659898112937,0.8035229963406759,0.9048983099398453,0.9004807347348783,0.9899742194213692,0.9918203343617709,-12.624320983886719,ge,0.99
nlvr2,vilt,Qwen3.8,four_ratio,2029,probability_difference,True,0.7959037525064452,0.8012915261534046,0.8029418095716438,0.9061873388713836,0.902705029776853,0.9899742194213692,0.9886632704312263,-0.3853158950805664,ge,0.99
nlvr2,vilt,Qwen3.8,four_ratio,2030,log_ratio,False,0.7965912346032655,0.8002080792136042,0.8013417521704814,0.905327986250358,0.9004089832819114,0.9598968776854769,0.9615412212097295,-13.448873519897461,ge,0.96
nlvr2,vilt,Qwen3.8,four_ratio,2030,probability_difference,True,0.7953308507590948,0.7990815814020235,0.8005955370596255,0.9066170151818963,0.902705029776853,0.9899742194213692,0.9900265480375977,-0.6531928777694702,ge,0.99
nlvr2,vilt,Qwen3.8,gain,2026,regression,False,0.7956029790890862,0.8007820908373395,0.8018296620506565,0.9056144371240332,0.9025615268709192,0.9799484388427385,0.9791920786395925,-0.33801835775375366,ge,0.98
nlvr2,vilt,Qwen3.8,gain,2027,regression,False,0.7954597536522485,0.8019875152471838,0.8030279113152041,0.9066170151818963,0.9013417521704814,0.9799484388427385,0.9799095931692616,-0.484546959400177,ge,0.98
nlvr2,vilt,Qwen3.8,gain,2028,regression,False,0.7952305929533086,0.8020807921360408,0.802590227452106,0.9059008879977084,0.9036377986654229,0.9899742194213692,0.9882327617134247,-0.6079308390617371,ge,0.99
nlvr2,vilt,Qwen3.8,gain,2029,regression,False,0.7954454311085649,0.8019659898112937,0.8030494367510943,0.9069034660555715,0.9042118102891583,0.9799484388427385,0.9774700437683863,-0.34608492255210876,ge,0.98
nlvr2,vilt,Qwen3.8,gain,2030,regression,False,0.7960040103122314,0.8004950850254718,0.8019157637942169,0.9059008879977084,0.9023462725120184,0.9498710971068461,0.948051948051948,-0.10941234230995178,ge,0.95
nlvr2,vilt,Qwen3.8,route,2026,probability,False,0.7940561443712404,0.7990241802396499,0.8008538422903064,0.9048983099398453,0.9005524861878453,0.9899742194213692,0.9894525364138623,3.1904770025903417e-07,ge,0.99
nlvr2,vilt,Qwen3.8,route,2027,probability,False,0.7945001432254368,0.7991748582908804,0.8008466671450097,0.904325408192495,0.9001937289230106,0.9899742194213692,0.9899547965846308,9.3228453579286e-07,ge,0.99
nlvr2,vilt,Qwen3.8,route,2028,probability,False,0.7942996276138642,0.8007605654014495,0.8013130515892947,0.9051847608135205,0.9004807347348783,0.9899742194213692,0.9878022529956232,1.9875805951153856e-19,ge,0.99
nlvr2,vilt,Qwen3.8,route,2029,probability,False,0.7941993698080779,0.7989811293678698,0.8007677405467462,0.9051847608135205,0.9004807347348783,0.9899742194213692,0.988878524790127,0.00021692014706786722,ge,0.99
nlvr2,vilt,Qwen3.8,route,2030,probability,False,0.7941277570896591,0.799512090119825,0.8006601133672957,0.9050415353766829,0.9001937289230106,0.9899742194213692,0.9873717442778216,1.2126680952809221e-12,ge,0.99
construction,yolo26x,MiniCPM,error,2026,probability,False,0.22030583243822807,0.2092676631629135,0.20832058587154184,0.28676728360055675,0.2513295188283841,0.4992867332382311,0.4890146471371505,0.022617846727371216,ge,0.5
construction,yolo26x,MiniCPM,error,2027,probability,False,0.22724739896667534,0.20991613366682121,0.20803919105935909,0.28722189653104074,0.2650749805378385,0.4593437945791726,0.4567243675099867,0.12995079159736633,ge,0.46
construction,yolo26x,MiniCPM,error,2028,probability,False,0.22606176068978506,0.21596039844107484,0.21492808643434902,0.28731640168932066,0.25479259910760677,0.4893009985734665,0.4743675099866844,0.037664178758859634,ge,0.49
construction,yolo26x,MiniCPM,error,2029,probability,False,0.22875829295123679,0.21438072186576557,0.21311437189137622,0.28722189653104074,0.2643695414493677,0.4593437945791726,0.4560585885486019,0.1535213738679886,ge,0.46
construction,yolo26x,MiniCPM,error,2030,probability,False,0.22950842341984,0.2179554205387229,0.21540715140274938,0.28722189653104074,0.2640405346143402,0.4593437945791726,0.45539280958721706,0.1269768625497818,ge,0.46
construction,yolo26x,MiniCPM,four_difference,2026,log_ratio,True,0.22951439243789146,0.21732146019959078,0.21717681664243893,0.28996084144947726,0.26673201439315736,0.4094151212553495,0.414780292942743,-0.6827399134635925,ge,0.41
construction,yolo26x,MiniCPM,four_difference,2026,probability_difference,False,0.23090631810158493,0.21784441318843004,0.21783657212241375,0.2828447999106682,0.26215437873972275,0.4693295292439372,0.4663781624500666,-0.10248661041259766,ge,0.47
construction,yolo26x,MiniCPM,four_difference,2027,log_ratio,True,0.2258579190074036,0.21236247216777693,0.21151986488139016,0.28892789420049103,0.2594174069021474,0.44935805991440797,0.4400798934753662,-0.9231481552124023,ge,0.45
construction,yolo26x,MiniCPM,four_difference,2027,probability_difference,False,0.22700398036250496,0.21267365992667417,0.21242061512355645,0.2848598219459613,0.2635851498163025,0.42938659058487877,0.42809587217043943,-0.06325958669185638,ge,0.43
construction,yolo26x,MiniCPM,four_difference,2028,log_ratio,True,0.22966955071522963,0.2164794985024573,0.21581980585771837,0.287614783141149,0.26515528472125294,0.43937232524964337,0.43142476697736354,-0.5946990847587585,ge,0.44
construction,yolo26x,MiniCPM,four_difference,2028,probability_difference,False,0.23231046411106632,0.21723184089928244,0.21910381550319696,0.28728969883242916,0.26237361710647344,0.4693295292439372,0.46238348868175766,-0.08103815466165543,ge,0.47
construction,yolo26x,MiniCPM,four_difference,2029,log_ratio,True,0.2279013295273578,0.21854747687650594,0.21549421736895213,0.287054322169918,0.26025754776915677,0.4593437945791726,0.4543941411451398,-1.810979962348938,ge,0.46
construction,yolo26x,MiniCPM,four_difference,2029,probability_difference,False,0.2323274089517411,0.21811828317375476,0.2168719686239992,0.2807737471705083,0.255747541850064,0.4593437945791726,0.4580559254327563,-0.10648070275783539,ge,0.46
construction,yolo26x,MiniCPM,four_difference,2030,log_ratio,True,0.22810730263174128,0.21649743756080791,0.215649842402169,0.28713951489686784,0.2556066597365839,0.4893009985734665,0.4770306258322237,-2.1627044677734375,ge,0.49
construction,yolo26x,MiniCPM,four_difference,2030,probability_difference,False,0.23043274239225123,0.2186681430858416,0.2146900227160903,0.28424105629679847,0.25305307441491287,0.5092724679029957,0.5076564580559254,-0.1446637064218521,ge,0.51
construction,yolo26x,MiniCPM,four_ratio,2026,log_ratio,False,0.22951439243789146,0.21732146019959078,0.21717681664243893,0.28996084144947726,0.26673201439315736,0.4094151212553495,0.414780292942743,-0.6827399134635925,ge,0.41
construction,yolo26x,MiniCPM,four_ratio,2026,probability_difference,True,0.23090631810158493,0.21784441318843004,0.21783657212241375,0.2828447999106682,0.26215437873972275,0.4693295292439372,0.4663781624500666,-0.10248661041259766,ge,0.47
construction,yolo26x,MiniCPM,four_ratio,2027,log_ratio,False,0.2258579190074036,0.21236247216777693,0.21151986488139016,0.28892789420049103,0.2594174069021474,0.44935805991440797,0.4400798934753662,-0.9231481552124023,ge,0.45
construction,yolo26x,MiniCPM,four_ratio,2027,probability_difference,True,0.22700398036250496,0.21267365992667417,0.21242061512355645,0.2848598219459613,0.2635851498163025,0.42938659058487877,0.42809587217043943,-0.06325958669185638,ge,0.43
construction,yolo26x,MiniCPM,four_ratio,2028,log_ratio,False,0.22966955071522963,0.2164794985024573,0.21581980585771837,0.287614783141149,0.26515528472125294,0.43937232524964337,0.43142476697736354,-0.5946990847587585,ge,0.44
construction,yolo26x,MiniCPM,four_ratio,2028,probability_difference,True,0.23231046411106632,0.21723184089928244,0.21910381550319696,0.28728969883242916,0.26237361710647344,0.4693295292439372,0.46238348868175766,-0.08103815466165543,ge,0.47
construction,yolo26x,MiniCPM,four_ratio,2029,log_ratio,False,0.22817906648580283,0.2133793958566942,0.21215987664343575,0.28971423275273056,0.2604612003548174,0.44935805991440797,0.440745672436751,-0.9343714714050293,ge,0.45
construction,yolo26x,MiniCPM,four_ratio,2029,probability_difference,True,0.230615206477237,0.21352954914864786,0.21365252195081794,0.284704737193425,0.25535310475057427,0.4593437945791726,0.45572569906790944,-0.07427139580249786,ge,0.46
construction,yolo26x,MiniCPM,four_ratio,2030,log_ratio,False,0.22810730263174128,0.21649743756080791,0.215649842402169,0.28713951489686784,0.2556066597365839,0.4893009985734665,0.4770306258322237,-2.1627044677734375,ge,0.49
construction,yolo26x,MiniCPM,four_ratio,2030,probability_difference,True,0.23043274239225123,0.2186681430858416,0.2146900227160903,0.28424105629679847,0.25305307441491287,0.5092724679029957,0.5076564580559254,-0.1446637064218521,ge,0.51
construction,yolo26x,MiniCPM,gain,2026,regression,False,0.2307441700914365,0.21705883184489042,0.21677467948808923,0.2853430389496839,0.2587616184765472,0.42938659058487877,0.42543275632490013,-0.07304845750331879,ge,0.43
construction,yolo26x,MiniCPM,gain,2027,regression,False,0.22383550615447997,0.2136303916366499,0.21445551093433052,0.2915794573643411,0.25826370096754736,0.43937232524964337,0.4344207723035952,-0.05811157077550888,ge,0.44
construction,yolo26x,MiniCPM,gain,2028,regression,False,0.23969954747629152,0.21710478884039042,0.21935789642951004,0.2883615567439097,0.2663681988649724,0.32952924393723254,0.3358854860186418,-0.04107583314180374,ge,0.33
construction,yolo26x,MiniCPM,gain,2029,regression,False,0.2248049248123454,0.21098351695323345,0.21058446577560175,0.2892731967187423,0.25650818370892253,0.43937232524964337,0.4380825565912117,-0.05632615461945534,ge,0.44
construction,yolo26x,MiniCPM,gain,2030,regression,False,0.23708812988748706,0.21610899354428587,0.21648686920498958,0.28995185909184523,0.25516764615746745,0.4793152639087018,0.481358189081225,-0.112443707883358,ge,0.48
construction,yolo26x,MiniCPM,route,2026,probability,False,0.23449286127969596,0.2133840954400366,0.21490540685523601,0.2956914061777062,0.26411718033799025,0.369472182596291,0.3801597869507324,0.1022382527589798,ge,0.37
construction,yolo26x,MiniCPM,route,2027,probability,False,0.23164013282647233,0.21436902744290343,0.21446348688810374,0.3068150571279571,0.262497753382933,0.3195435092724679,0.3229027962716378,0.15746349096298218,ge,0.32
construction,yolo26x,MiniCPM,route,2028,probability,False,0.2355746599794164,0.21514552017118374,0.21491922219527276,0.30379299504010265,0.25450082952315023,0.289586305278174,0.28894806924101196,0.18077737092971802,ge,0.29
construction,yolo26x,MiniCPM,route,2029,probability,False,0.23433985666483198,0.21226651990380008,0.21305312007294325,0.30957519440086917,0.26093203880008864,0.3195435092724679,0.3189081225033289,0.17545486986637115,ge,0.32
construction,yolo26x,MiniCPM,route,2030,probability,False,0.2365795588924405,0.2193396178341517,0.2195217177763924,0.2990979581086944,0.26220904868518,0.39942938659058486,0.3981358189081225,0.11110042035579681,ge,0.4
construction,yolo26x,Qwen3.8,error,2026,probability,False,0.2340861181383704,0.21559995562093154,0.2108414220432617,0.33055989058265917,0.29897628913217833,0.4992867332382311,0.4833555259653795,0.03377731144428253,ge,0.5
construction,yolo26x,Qwen3.8,error,2027,probability,False,0.2435166042185849,0.22119934978174002,0.21816610219714874,0.3276728380176656,0.29593471190959275,0.43937232524964337,0.4374167776298269,0.18083004653453827,ge,0.44
construction,yolo26x,Qwen3.8,error,2028,probability,False,0.23458946846108567,0.21150812074024367,0.20949679565053572,0.3317914176762552,0.2985763967138555,0.4992867332382311,0.4890146471371505,0.027080882340669632,ge,0.5
construction,yolo26x,Qwen3.8,error,2029,probability,False,0.23992871790704787,0.21758153593591198,0.21545589080880334,0.33093016797323793,0.299588361311237,0.4893009985734665,0.47569906790945404,0.02594057470560074,ge,0.49
construction,yolo26x,Qwen3.8,error,2030,probability,False,0.23897936431113018,0.2154585401290291,0.212111555940419,0.3294104652953028,0.29744550498078726,0.4992867332382311,0.48934753661784286,0.026845572516322136,ge,0.5
construction,yolo26x,Qwen3.8,four_difference,2026,log_ratio,True,0.22956812850068237,0.2123814905577035,0.21268061165082322,0.3281285807463818,0.2994456979113117,0.44935805991440797,0.4484021304926764,0.10543298721313477,ge,0.45
construction,yolo26x,Qwen3.8,four_difference,2026,probability_difference,False,0.2368629762797031,0.21551128655882565,0.21401065405899017,0.3281285807463818,0.2992560160564012,0.44935805991440797,0.4477363515312916,0.009329468011856079,ge,0.45
construction,yolo26x,Qwen3.8,four_difference,2027,log_ratio,True,0.22912272949022852,0.2128072844063923,0.21202893742710108,0.32788133528265107,0.2995124307318383,0.44935805991440797,0.4434087882822903,0.2047330141067505,ge,0.45
construction,yolo26x,Qwen3.8,four_difference,2027,probability_difference,False,0.23572609512743017,0.21328856707004673,0.2115182013715633,0.3270447636073488,0.2994603011846414,0.44935805991440797,0.4444074567243675,0.013585388660430908,ge,0.45
construction,yolo26x,Qwen3.8,four_difference,2028,log_ratio,True,0.22313070157132972,0.21051323403313987,0.21403391931992122,0.3306060705009355,0.29613258844874296,0.5392296718972895,0.5322902796271638,-3.7614707946777344,ge,0.54
construction,yolo26x,Qwen3.8,four_difference,2028,probability_difference,False,0.24091708026299674,0.21403453268118733,0.2138369411714542,0.32187620296097463,0.2952522823078242,0.4094151212553495,0.41344873501997337,0.039804454892873764,ge,0.41
construction,yolo26x,Qwen3.8,four_difference,2029,log_ratio,True,0.22457887533837526,0.212148758894345,0.21002872666831796,0.3290740844772266,0.295205827629145,0.42938659058487877,0.43608521970705727,0.4606260657310486,ge,0.43
construction,yolo26x,Qwen3.8,four_difference,2029,probability_difference,False,0.237682914725911,0.22109619443245102,0.21829545748579043,0.33167859760757346,0.2966589960709296,0.4094151212553495,0.41844207723035953,0.0639844611287117,ge,0.41
construction,yolo26x,Qwen3.8,four_difference,2030,log_ratio,True,0.22569949498210512,0.20900398995848302,0.2114406454856609,0.3254578754578754,0.3018106075277844,0.43937232524964337,0.44107856191744343,0.07300722599029541,ge,0.44
construction,yolo26x,Qwen3.8,four_difference,2030,probability_difference,False,0.2435262081932218,0.2120332602435602,0.21356740664138002,0.32614453827508016,0.3028971299499408,0.43937232524964337,0.44107856191744343,0.0036868713796138763,ge,0.44
construction,yolo26x,Qwen3.8,four_ratio,2026,log_ratio,False,0.22956812850068237,0.2123814905577035,0.21268061165082322,0.3281285807463818,0.2994456979113117,0.44935805991440797,0.4484021304926764,0.10543298721313477,ge,0.45
construction,yolo26x,Qwen3.8,four_ratio,2026,probability_difference,True,0.2368629762797031,0.21551128655882565,0.21401065405899017,0.3281285807463818,0.2992560160564012,0.44935805991440797,0.4477363515312916,0.009329468011856079,ge,0.45
construction,yolo26x,Qwen3.8,four_ratio,2027,log_ratio,False,0.22989348555230152,0.21210124224567403,0.21150463331583857,0.3264586577163139,0.2973078947731702,0.5192582025677603,0.5163115845539281,-1.5303850173950195,ge,0.52
construction,yolo26x,Qwen3.8,four_ratio,2027,probability_difference,True,0.2318634041838887,0.21224699544489786,0.21128368096133335,0.29850296625880607,0.2897476393716847,0.39942938659058486,0.41278295605858856,-0.016872283071279526,ge,0.4
construction,yolo26x,Qwen3.8,four_ratio,2028,log_ratio,False,0.23067441529919713,0.21212878285104259,0.2108049402577198,0.3269493177387914,0.3005042852186894,0.4593437945791726,0.4540612516644474,-0.1898920238018036,ge,0.46
construction,yolo26x,Qwen3.8,four_ratio,2028,probability_difference,True,0.23163970072423956,0.21435518602832812,0.2115977025124468,0.3263512316143895,0.3002620371566739,0.4593437945791726,0.45272969374167776,-0.010172035545110703,ge,0.46
construction,yolo26x,Qwen3.8,four_ratio,2029,log_ratio,False,0.23238062116119743,0.2129759325509759,0.2118170700354305,0.3274085072339964,0.2965825858147407,0.4992867332382311,0.4936750998668442,-1.27814519405365,ge,0.5
construction,yolo26x,Qwen3.8,four_ratio,2029,probability_difference,True,0.23647553559932344,0.21591364683230602,0.21245346447351982,0.32788133528265107,0.29983745518329075,0.44935805991440797,0.4444074567243675,0.004357501864433289,ge,0.45
construction,yolo26x,Qwen3.8,four_ratio,2030,log_ratio,False,0.2329566901533132,0.21387956085075915,0.21228593529346934,0.32788133528265107,0.2985470911000302,0.44935805991440797,0.45006657789613846,-0.3354406952857971,ge,0.45
construction,yolo26x,Qwen3.8,four_ratio,2030,probability_difference,True,0.23793834805397718,0.21368445025146315,0.21270060003068342,0.31697887604623354,0.2948692962915945,0.5592011412268189,0.5605858854860186,-0.03164273127913475,ge,0.56
construction,yolo26x,Qwen3.8,gain,2026,regression,False,0.23960077179566422,0.21400610735220266,0.21241159528412765,0.32586392690019633,0.29646409334649515,0.43937232524964337,0.43541944074567246,0.03868880867958069,ge,0.44
construction,yolo26x,Qwen3.8,gain,2027,regression,False,0.23821364027732878,0.21409588787720268,0.2125057588947129,0.32335633116883117,0.29977910001068875,0.4992867332382311,0.4936750998668442,0.004932999610900879,ge,0.5
construction,yolo26x,Qwen3.8,gain,2028,regression,False,0.23695562717660318,0.21466654111641606,0.21351268007648552,0.32723359493146115,0.2954033522460231,0.44935805991440797,0.4470705725699068,-0.007363259792327881,ge,0.45
construction,yolo26x,Qwen3.8,gain,2029,regression,False,0.2365407013371036,0.21485543142572305,0.21212476860198715,0.3217186593475253,0.29700677143840626,0.4992867332382311,0.4966711051930759,-0.037876881659030914,ge,0.5
construction,yolo26x,Qwen3.8,gain,2030,regression,False,0.23629618607816952,0.21389045323552514,0.2128786350723718,0.32395441729323304,0.29601885044321186,0.5092724679029957,0.5136484687083888,-0.026152916252613068,ge,0.51
construction,yolo26x,Qwen3.8,route,2026,probability,False,0.23988153202052687,0.21526584183204825,0.21292677083735004,0.32788133528265107,0.3000955196994197,0.44935805991440797,0.4447403462050599,0.055466752499341965,ge,0.45
construction,yolo26x,Qwen3.8,route,2027,probability,False,0.2410986216135448,0.2141749273260206,0.213116352929275,0.32872666687078367,0.30000656372593065,0.44935805991440797,0.4420772303595206,0.059321802109479904,ge,0.45
construction,yolo26x,Qwen3.8,route,2028,probability,False,0.24658342608775974,0.21709641059985313,0.21429341402277668,0.3275339265335182,0.298343122279109,0.5092724679029957,0.503994673768309,0.012455511838197708,ge,0.51
construction,yolo26x,Qwen3.8,route,2029,probability,False,0.24739975050797705,0.21485084530964332,0.21381384817331112,0.3293202407013377,0.30419831211135995,0.43937232524964337,0.4367509986684421,0.07076191157102585,ge,0.44
construction,yolo26x,Qwen3.8,route,2030,probability,False,0.2412447050974016,0.2137178766516705,0.21255405593166388,0.3277986633249791,0.2991470955161605,0.4593437945791726,0.4530625832223702,0.03224967047572136,ge,0.46
